kernel,config,latency
syrk,C_1_2_C_2_16_A_1_2_A_2_8__lp5_n_8_f,319.61456298828125
syrk,C_1_1_C_2_64_A_1_1_A_2_4__lp5_n_4_f,379.89068603515625
gesummv,tmp_1_1_y_1_1__lp3_n_1_f,635.8236694335938
atax,A_1_1_A_2_1_y_1_4__lp4_n_4_f,194.2923126220703
syrk,C_1_1_C_2_4_A_1_2_A_2_2__lp5_n_2_f,513.8995361328125
syrk,C_1_2_C_2_16_A_1_2_A_2_16__lp5_n_16_f,289.9600524902344
k2mm,tmp_1_4_C_2_4_D_2_4_tmp_2_8_C_1_8__lp6_n_8_f,301.6604919433594
k2mm,tmp_1_2_B_2_2_B_1_2_A_2_2_tmp_2_4__lp3_n_2_f,509.4563903808594
gemm,C_1_1_C_2_16_B_2_1_B_1_1_A_2_1__lp5_n_1_f,756.1029052734375
syr2k,C_1_2_C_2_1_A_1_1_B_1_1_A_2_8_B_2_8__lp5_n_8_f,355.44805908203125
k2mm,tmp_1_1_C_2_1_D_2_1_tmp_2_8_C_1_8__lp6_n_8_f,305.8275146484375
k3mm,E_2_8_F_2_2_B_2_2_D_2_2_B_1_8_D_1_8_A_2_8_C_2_8_F_1_8__lp3_n_8_f,305.5325012207031
k2mm,tmp_1_4_B_2_4_B_1_8_A_2_8_tmp_2_2__lp3_n_8_f,318.60498046875
k3mm,E_2_2_F_2_1_B_2_2_D_2_2_B_1_2_D_1_2_A_2_2_C_2_2_F_1_64__lp3_n_2_f,419.37091064453125
gesummv,A_1_1_tmp_1_2_y_1_2_B_1_1_A_2_4_x_1_4_B_2_4__lp2_n_4_f,340.4881286621094
k2mm,tmp_1_4_B_2_4_B_1_4_A_2_4_tmp_2_1__lp3_n_4_f,382.892822265625
gemm,C_1_1_C_2_16__lp2_n_16_f,166.2039337158203
k3mm,E_2_8_F_2_1_B_2_2_D_2_2_B_1_4_D_1_4_A_2_4_C_2_4_F_1_8__lp3_n_4_f,345.35546875
atax,A_1_2_A_2_16_x_1_4__lp2_n_4_f,324.5424499511719
gesummv,A_1_1_tmp_1_1_y_1_8_B_1_1_A_2_2_x_1_2_B_2_2__lp2_n_2_f,414.75738525390625
gesummv,A_1_2_tmp_1_2_y_1_2_B_1_2_A_2_4_x_1_4_B_2_4__lp2_n_4_f,339.7633361816406
gesummv,A_1_2_tmp_1_4_y_1_2_B_1_2_A_2_2_x_1_2_B_2_2__lp2_n_2_f,414.7127685546875
syr2k,C_1_1_C_2_1_A_1_1_B_1_1_A_2_2_B_2_2__lp5_n_2_f,644.5745849609375
k2mm,tmp_1_1_B_2_1_B_1_8_A_2_8_tmp_2_2__lp3_n_8_f,319.63726806640625
gemm,C_1_1_C_2_1_B_2_1_B_1_8_A_2_8__lp5_n_8_f,320.3448791503906
atax,A_1_1_A_2_64_y_1_2__lp4_n_2_f,294.03125
syrk,C_1_2_C_2_16_A_1_1_A_2_4__lp5_n_4_f,383.633544921875
bicg,A_1_2_A_2_16_s_1_8__lp2_n_8_f,77.15774536132812
k2mm,tmp_1_1_C_2_1_D_2_1_tmp_2_4_C_1_4__lp6_n_4_f,345.98992919921875
k2mm,tmp_1_1_B_2_1_B_1_2_A_2_2_tmp_2_1__lp3_n_2_f,510.6991882324219
syr2k,C_1_1_C_2_2_A_1_1_B_1_1_A_2_2_B_2_2__lp5_n_2_f,642.828369140625
k3mm,E_2_2_F_2_2_B_2_1_D_2_1_B_1_1_D_1_1_A_2_1_C_2_1_F_1_2__lp3_n_1_f,583.2354125976562
atax,A_1_1_A_2_8_x_1_1__lp2_n_1_f,600.4287719726562
bicg,A_1_2_A_2_8_p_1_8__lp4_n_8_f,291.01336669921875
gesummv,A_1_1_tmp_1_1_y_1_16_B_1_1_A_2_16_x_1_16_B_2_16__lp2_n_16_f,280.1080322265625
gesummv,A_1_1_tmp_1_1_y_1_4_B_1_1_A_2_1_x_1_1_B_2_1__lp2_n_1_f,574.4390258789062
syrk,C_1_1_C_2_16__lp2_n_16_f,166.2039337158203
syrk,C_1_1_C_2_64_A_1_1_A_2_16__lp5_n_16_f,289.5194091796875
bicg,A_1_1_A_2_8_p_1_2__lp4_n_2_f,404.2585754394531
k3mm,E_2_8_F_2_1_B_2_1_D_2_1_B_1_4_D_1_4_A_2_4_C_2_4_F_1_8__lp3_n_4_f,345.7882080078125
gemm,C_1_1_C_2_16_B_2_1_B_1_2_A_2_2__lp5_n_2_f,508.46124267578125
k2mm,tmp_1_2_C_2_1_D_2_1_tmp_2_1_C_1_1__lp6_n_1_f,593.7466430664062
gesummv,A_1_2_tmp_1_8_y_1_2_B_1_2_A_2_4_x_1_4_B_2_4__lp2_n_4_f,339.2197570800781
gemm,C_1_1_C_2_16_B_2_1_B_1_16_A_2_16__lp5_n_16_f,288.1235656738281
k2mm,tmp_1_4_C_2_4_D_2_4_tmp_2_1_C_1_1__lp6_n_1_f,609.5021362304688
syrk,C_1_2_C_2_2__lp2_n_1_f,398.6333923339844
atax,A_1_2_A_2_1_x_1_1__lp2_n_1_f,611.1759033203125
k2mm,tmp_1_1_B_2_1_B_1_4_A_2_4_tmp_2_8__lp3_n_4_f,383.76934814453125
syr2k,C_1_2_C_2_64_A_1_2_B_1_2_A_2_1_B_2_1__lp5_n_1_f,956.5943603515625
syr2k,C_1_1_C_2_2_A_1_2_B_1_2_A_2_8_B_2_8__lp5_n_8_f,352.6952209472656
k3mm,E_2_1_F_2_1_B_2_1_D_2_1_B_1_2_D_1_2_A_2_2_C_2_2_F_1_8__lp3_n_2_f,425.48211669921875
bicg,A_1_2_A_2_1_s_1_8__lp2_n_8_f,104.21940612792969
gesummv,A_1_1_tmp_1_16_y_1_16_B_1_1_A_2_8_x_1_8_B_2_8__lp2_n_8_f,300.3204650878906
bicg,A_1_2_A_2_8_s_1_4__lp2_n_4_f,162.0668487548828
atax,A_1_1_A_2_64_y_1_1__lp4_n_1_f,604.3662719726562
syrk,C_1_1_C_2_4_A_1_1_A_2_8__lp5_n_8_f,322.9429016113281
gemm,C_1_2_C_2_2_B_2_2_B_1_16_A_2_16__lp5_n_16_f,288.38690185546875
atax,A_1_2_A_2_4_y_1_16__lp4_n_16_f,57.00442123413086
k3mm,E_2_8_F_2_1_B_2_1_D_2_1_B_1_8_D_1_8_A_2_8_C_2_8_F_1_8__lp3_n_8_f,306.1817626953125
k3mm,E_2_4_F_2_2_B_2_2_D_2_2_B_1_1_D_1_1_A_2_1_C_2_1_F_1_4__lp3_n_1_f,580.489990234375
k3mm,E_2_2_F_2_2_B_2_2_D_2_2_B_1_4_D_1_4_A_2_4_C_2_4_F_1_64__lp3_n_4_f,339.36151123046875
k3mm,E_2_2_F_2_1_B_2_2_D_2_2_B_1_4_D_1_4_A_2_4_C_2_4_F_1_1__lp3_n_4_f,346.05877685546875
syr2k,C_1_1_C_2_2__lp2_n_2_f,231.94781494140625
syrk,C_1_1_C_2_16_A_1_1_A_2_16__lp5_n_16_f,290.48150634765625
gesummv,A_1_2_tmp_1_8_y_1_2_B_1_2_A_2_1_x_1_1_B_2_1__lp2_n_1_f,580.8710327148438
gesummv,A_1_2_tmp_1_2_y_1_8_B_1_2_A_2_8_x_1_8_B_2_8__lp2_n_8_f,300.5528869628906
bicg,A_1_1_A_2_2_p_1_4__lp4_n_4_f,331.3609619140625
syrk,C_1_2_C_2_8__lp2_n_8_f,336.5381164550781
k3mm,E_2_2_F_2_2_B_2_2_D_2_2_B_1_1_D_1_1_A_2_1_C_2_1_F_1_1__lp3_n_1_f,583.2354125976562
gesummv,A_1_2_tmp_1_16_y_1_2_B_1_2_A_2_8_x_1_8_B_2_8__lp2_n_8_f,300.2430419921875
syr2k,C_1_1_C_2_16_A_1_1_B_1_1_A_2_4_B_2_4__lp5_n_4_f,446.8653869628906
syr2k,C_1_1_C_2_8_A_1_2_B_1_2_A_2_8_B_2_8__lp5_n_8_f,352.3316345214844
k3mm,E_2_1_F_2_1_B_2_1_D_2_1_B_1_4_D_1_4_A_2_4_C_2_4_F_1_4__lp3_n_4_f,346.3833923339844
syrk,C_1_2_C_2_64_A_1_1_A_2_1__lp5_n_1_f,721.1430053710938
syrk,C_1_1_C_2_8_A_1_1_A_2_4__lp5_n_4_f,386.2630310058594
bicg,A_1_1_A_2_64_s_1_16__lp2_n_16_f,33.92849349975586
k2mm,tmp_1_1_B_2_1_B_1_1_A_2_1_tmp_2_16__lp3_n_1_f,756.1029052734375
k2mm,tmp_1_1_B_2_1_B_1_2_A_2_2_tmp_2_2__lp3_n_2_f,510.9330139160156
k2mm,tmp_1_2_C_2_4_D_2_4_tmp_2_2_C_1_2__lp6_n_2_f,431.5057067871094
syr2k,C_1_1_C_2_16_A_1_2_B_1_2_A_2_2_B_2_2__lp5_n_2_f,634.6609497070312
k3mm,E_2_2_F_2_2_B_2_2_D_2_2_B_1_1_D_1_1_A_2_1_C_2_1_F_1_4__lp3_n_1_f,581.1763916015625
atax,A_1_1_A_2_64_y_1_8__lp4_n_8_f,67.7010269165039
syrk,C_1_2_C_2_16_A_1_2_A_2_2__lp5_n_2_f,509.4303283691406
atax,A_1_2_A_2_64_y_1_1__lp4_n_1_f,561.8616943359375
gesummv,tmp_1_1_y_1_1__lp3_n_2_f,352.85235595703125
k3mm,E_2_1_F_2_2_B_2_1_D_2_1_B_1_4_D_1_4_A_2_4_C_2_4_F_1_64__lp3_n_4_f,339.76513671875
bicg,A_1_2_A_2_4_s_1_4__lp2_n_4_f,166.1381072998047
k3mm,E_2_1_F_2_1_B_2_1_D_2_1_B_1_1_D_1_1_A_2_1_C_2_1_F_1_8__lp3_n_1_f,582.2059326171875
syrk,C_1_2_C_2_8_A_1_1_A_2_1__lp5_n_1_f,763.102783203125
syr2k,C_1_1_C_2_1__lp2_n_16_f,148.26852416992188
k3mm,E_2_1_F_2_1_G_2_2_F_1_1__lp6_n_1_f,588.1531982421875
gesummv,A_1_1_tmp_1_1_y_1_1_B_1_1_A_2_4_x_1_4_B_2_4__lp2_n_4_f,340.66925048828125
atax,A_1_2_A_2_64_x_1_1__lp2_n_1_f,540.5501708984375
gemm,C_1_2_C_2_1_B_2_2_B_1_4_A_2_4__lp5_n_4_f,383.9884338378906
k3mm,E_2_1_F_2_1_B_2_1_D_2_1_B_1_8_D_1_8_A_2_8_C_2_8_F_1_64__lp3_n_8_f,304.8562316894531
gemm,C_1_2_C_2_64_B_2_1_B_1_4_A_2_4__lp5_n_4_f,369.80963134765625
k2mm,tmp_1_4_C_2_2_D_2_2_tmp_2_4_C_1_4__lp6_n_4_f,346.7845153808594
atax,A_1_2_A_2_64_x_1_8__lp2_n_8_f,284.7310791015625
k3mm,E_2_1_F_2_1_B_2_1_D_2_1_B_1_8_D_1_8_A_2_8_C_2_8_F_1_2__lp3_n_8_f,306.63421630859375
gemm,C_1_2_C_2_1_B_2_2_B_1_2_A_2_2__lp5_n_2_f,510.5638122558594
atax,A_1_1_A_2_16_x_1_8__lp2_n_8_f,291.01336669921875
gesummv,A_1_2_tmp_1_2_y_1_4_B_1_2_A_2_8_x_1_8_B_2_8__lp2_n_8_f,300.7077941894531
bicg,A_1_1_A_2_4_s_1_16__lp2_n_16_f,62.71494674682617
gesummv,A_1_1_tmp_1_4_y_1_1_B_1_1_A_2_2_x_1_2_B_2_2__lp2_n_2_f,414.93585205078125
k3mm,E_2_8_F_2_1_G_2_1_F_1_8__lp6_n_8_f,300.39678955078125
k2mm,tmp_1_1_C_2_2_D_2_2_tmp_2_4_C_1_4__lp6_n_4_f,345.540771484375
syrk,C_1_1_C_2_16_A_1_2_A_2_1__lp5_n_1_f,762.733642578125
gesummv,A_1_2_tmp_1_1_y_1_1_B_1_2_A_2_2_x_1_2_B_2_2__lp2_n_2_f,414.8912658691406
gemm,C_1_2_C_2_64_B_2_1_B_1_16_A_2_16__lp5_n_16_f,286.768798828125
bicg,A_1_1_A_2_16_s_1_8__lp2_n_8_f,80.89460754394531
k2mm,tmp_1_2_C_2_4_D_2_4_tmp_2_1_C_1_1__lp6_n_1_f,608.22216796875
syr2k,C_1_1_C_2_4_A_1_2_B_1_2_A_2_2_B_2_2__lp5_n_2_f,636.9700927734375
k3mm,E_2_2_F_2_1_B_2_2_D_2_2_B_1_1_D_1_1_A_2_1_C_2_1_F_1_64__lp3_n_1_f,574.7077026367188
bicg,A_1_1_A_2_8_p_1_8__lp4_n_8_f,294.4038391113281
syr2k,C_1_2_C_2_2_A_1_2_B_1_2_A_2_4_B_2_4__lp5_n_4_f,447.3500671386719
bicg,A_1_2_A_2_4_p_1_16__lp4_n_16_f,275.1201171875
gemm,C_1_1_C_2_1_B_2_1_B_1_2_A_2_2__lp5_n_2_f,510.6991882324219
atax,A_1_2_A_2_1_y_1_16__lp4_n_16_f,65.5701904296875
k2mm,tmp_1_4_C_2_1_D_2_1_tmp_2_16_C_1_16__lp6_n_16_f,272.8228454589844
bicg,A_1_1_A_2_1_s_1_8__lp2_n_8_f,107.0152816772461
gemm,C_1_1_C_2_64_B_2_1_B_1_8_A_2_8__lp5_n_8_f,316.994384765625
k3mm,E_2_1_F_2_1_B_2_1_D_2_1_B_1_2_D_1_2_A_2_2_C_2_2_F_1_2__lp3_n_2_f,427.24139404296875
atax,A_1_2_A_2_2_y_1_2__lp4_n_2_f,328.1812438964844
syrk,C_1_1_C_2_1_A_1_1_A_2_2__lp5_n_2_f,510.9098205566406
atax,A_1_1_A_2_1_y_1_1__lp4_n_1_f,641.5445556640625
gemm,C_1_1_C_2_4_B_2_1_B_1_1_A_2_1__lp5_n_1_f,760.53271484375
bicg,A_1_1_A_2_16_p_1_2__lp4_n_2_f,406.43731689453125
syrk,C_1_1_C_2_8_A_1_1_A_2_2__lp5_n_2_f,513.5303955078125
gesummv,tmp_1_8_y_1_2__lp3_n_8_f,111.2204818725586
gesummv,tmp_1_2_y_1_1__lp3_n_1_f,635.3134155273438
gemm,C_1_2_C_2_4_B_2_2_B_1_2_A_2_2__lp5_n_2_f,509.4564514160156
k2mm,tmp_1_4_C_2_2_D_2_2_tmp_2_1_C_1_1__lp6_n_1_f,606.942138671875
k2mm,tmp_1_4_B_2_4_B_1_16_A_2_16_tmp_2_8__lp3_n_16_f,288.1129455566406
k3mm,E_2_1_F_2_2_B_2_2_D_2_2_B_1_2_D_1_2_A_2_2_C_2_2_F_1_1__lp3_n_2_f,426.06854248046875
bicg,A_1_2_A_2_8_p_1_4__lp4_n_4_f,327.0884094238281
syrk,C_1_1_C_2_4_A_1_1_A_2_2__lp5_n_2_f,514.2687377929688
syrk,C_1_1_C_2_1_A_1_2_A_2_8__lp5_n_8_f,321.6866760253906
gesummv,A_1_1_tmp_1_1_y_1_2_B_1_1_A_2_4_x_1_4_B_2_4__lp2_n_4_f,340.5786437988281
gesummv,A_1_1_tmp_1_2_y_1_2_B_1_1_A_2_16_x_1_16_B_2_16__lp2_n_16_f,279.3782653808594
syrk,C_1_1_C_2_2_A_1_1_A_2_1__lp5_n_1_f,754.8408203125
k3mm,E_2_2_F_2_2_G_2_1_F_1_1__lp6_n_1_f,594.2864990234375
gemm,C_1_1_C_2_8_B_2_1_B_1_8_A_2_8__lp5_n_8_f,318.8661193847656
syrk,C_1_1_C_2_64_A_1_1_A_2_1__lp5_n_1_f,748.265625
k2mm,tmp_1_4_B_2_4_B_1_16_A_2_16_tmp_2_64__lp3_n_16_f,281.84033203125
k3mm,E_2_64_F_2_2_B_2_1_D_2_1_B_1_1_D_1_1_A_2_1_C_2_1_F_1_64__lp3_n_1_f,518.2550048828125
syrk,C_1_2_C_2_1_A_1_2_A_2_8__lp5_n_8_f,320.97906494140625
syr2k,C_1_2_C_2_8_A_1_2_B_1_2_A_2_4_B_2_4__lp5_n_4_f,445.8958435058594
syr2k,C_1_1_C_2_64_A_1_1_B_1_1_A_2_16_B_2_16__lp5_n_16_f,305.758544921875
k3mm,E_2_1_F_2_1_B_2_1_D_2_1_B_1_2_D_1_2_A_2_2_C_2_2_F_1_4__lp3_n_2_f,426.6549377441406
gesummv,tmp_1_16_y_1_1__lp3_n_16_f,79.4243392944336
k2mm,tmp_1_2_B_2_2_B_1_1_A_2_1_tmp_2_8__lp3_n_1_f,755.733642578125
gesummv,A_1_1_tmp_1_4_y_1_1_B_1_1_A_2_16_x_1_16_B_2_16__lp2_n_16_f,279.5129089355469
gemm,C_1_2_C_2_16_B_2_2_B_1_4_A_2_4__lp5_n_4_f,380.6311950683594
bicg,A_1_2_A_2_16_p_1_8__lp4_n_8_f,290.1158752441406
k3mm,E_2_1_F_2_2_G_2_2_F_1_2__lp6_n_2_f,408.5511779785156
syr2k,C_1_1_C_2_1_A_1_1_B_1_1_A_2_8_B_2_8__lp5_n_8_f,355.7057189941406
gesummv,A_1_1_tmp_1_1_y_1_4_B_1_1_A_2_2_x_1_2_B_2_2__lp2_n_2_f,414.93585205078125
gemm,C_1_2_C_2_64_B_2_1_B_1_1_A_2_1__lp5_n_1_f,713.95458984375
syr2k,C_1_2_C_2_2_A_1_1_B_1_1_A_2_8_B_2_8__lp5_n_8_f,355.05145263671875
k3mm,E_2_2_F_2_1_B_2_2_D_2_2_B_1_8_D_1_8_A_2_8_C_2_8_F_1_1__lp3_n_8_f,306.1005859375
gesummv,A_1_1_tmp_1_16_y_1_1_B_1_1_A_2_8_x_1_8_B_2_8__lp2_n_8_f,300.9014587402344
atax,A_1_2_A_2_64_x_1_2__lp2_n_2_f,388.1229553222656
gemm,C_1_1_C_2_16_B_2_2_B_1_1_A_2_1__lp5_n_1_f,755.7337036132812
atax,A_1_1_A_2_8_y_1_4__lp4_n_4_f,166.1381072998047
gesummv,A_1_2_tmp_1_2_y_1_16_B_1_2_A_2_8_x_1_8_B_2_8__lp2_n_8_f,300.2430419921875
syr2k,C_1_2_C_2_1_A_1_2_B_1_2_A_2_2_B_2_2__lp5_n_2_f,637.3551025390625
k3mm,E_2_4_F_2_1_B_2_1_D_2_1_B_1_2_D_1_2_A_2_2_C_2_2_F_1_4__lp3_n_2_f,425.7752685546875
bicg,A_1_1_A_2_64_p_1_4__lp4_n_4_f,320.59771728515625
gemm,C_1_2_C_2_2__lp2_n_16_f,151.85562133789062
bicg,A_1_2_A_2_1_p_1_1__lp4_n_1_f,611.1759033203125
k3mm,E_2_1_F_2_1_B_2_1_D_2_1_B_1_2_D_1_2_A_2_2_C_2_2_F_1_64__lp3_n_2_f,419.8199462890625
gemm,C_1_1_C_2_2__lp2_n_16_f,149.4642333984375
gemm,C_1_2_C_2_4_B_2_1_B_1_16_A_2_16__lp5_n_16_f,288.6708984375
gemm,C_1_1_C_2_64_B_2_2_B_1_4_A_2_4__lp5_n_4_f,376.86724853515625
bicg,A_1_2_A_2_8_s_1_1__lp2_n_1_f,619.9204711914062
atax,A_1_2_A_2_16_y_1_4__lp4_n_4_f,153.21859741210938
gesummv,A_1_1_tmp_1_8_y_1_1_B_1_1_A_2_4_x_1_4_B_2_4__lp2_n_4_f,340.03509521484375
k3mm,E_2_2_F_2_2_G_2_2_F_1_2__lp6_n_2_f,409.2135314941406
syr2k,C_1_2_C_2_8_A_1_1_B_1_1_A_2_2_B_2_2__lp5_n_2_f,635.5149536132812
syrk,C_1_1_C_2_1_A_1_1_A_2_1__lp5_n_1_f,751.5490112304688
gemm,C_1_1_C_2_4_B_2_2_B_1_8_A_2_8__lp5_n_8_f,319.611572265625
syr2k,C_1_1_C_2_2_A_1_1_B_1_1_A_2_1_B_2_1__lp5_n_1_f,1007.7728271484375
syr2k,C_1_2_C_2_2_A_1_1_B_1_1_A_2_1_B_2_1__lp5_n_1_f,1009.9323120117188
gemm,C_1_2_C_2_2_B_2_1_B_1_16_A_2_16__lp5_n_16_f,289.336181640625
gemm,C_1_2_C_2_64_B_2_2_B_1_4_A_2_4__lp5_n_4_f,369.3391418457031
gesummv,tmp_1_2_y_1_2__lp3_n_8_f,122.98291778564453
gemm,C_1_2_C_2_8_B_2_1_B_1_2_A_2_2__lp5_n_2_f,508.46124267578125
k2mm,tmp_1_4_B_2_4_B_1_2_A_2_2_tmp_2_16__lp3_n_2_f,497.80572509765625
k3mm,E_2_1_F_2_2_B_2_1_D_2_1_B_1_2_D_1_2_A_2_2_C_2_2_F_1_2__lp3_n_2_f,426.6549377441406
k2mm,tmp_1_1_C_2_4_D_2_4_tmp_2_2_C_1_2__lp6_n_2_f,430.86566162109375
syr2k,C_1_1_C_2_64_A_1_1_B_1_1_A_2_1_B_2_1__lp5_n_1_f,989.874267578125
k3mm,E_2_1_F_2_2_G_2_2_F_1_1__lp6_n_1_f,594.2864379882812
syrk,C_1_2_C_2_64_A_1_1_A_2_4__lp5_n_4_f,372.36260986328125
syrk,C_1_1_C_2_8_A_1_1_A_2_1__lp5_n_1_f,766.0559692382812
atax,A_1_2_A_2_64_y_1_8__lp4_n_8_f,56.50314712524414
gemm,C_1_2_C_2_8_B_2_2_B_1_4_A_2_4__lp5_n_4_f,382.45452880859375
atax,A_1_2_A_2_8_y_1_1__lp4_n_1_f,619.9204711914062
gesummv,A_1_1_tmp_1_4_y_1_4_B_1_1_A_2_8_x_1_8_B_2_8__lp2_n_8_f,301.2499694824219
bicg,A_1_1_A_2_4_p_1_16__lp4_n_16_f,276.0125427246094
k2mm,tmp_1_1_B_2_1_B_1_1_A_2_1_tmp_2_4__lp3_n_1_f,760.53271484375
syrk,C_1_1_C_2_1__lp2_n_4_f,186.00416564941406
k2mm,tmp_1_4_B_2_4_B_1_4_A_2_4_tmp_2_64__lp3_n_4_f,358.2178955078125
k2mm,tmp_1_1_B_2_1_B_1_2_A_2_2_tmp_2_16__lp3_n_2_f,508.46124267578125
k2mm,tmp_1_2_B_2_2_B_1_1_A_2_1_tmp_2_2__lp3_n_1_f,760.1636352539062
syr2k,C_1_2_C_2_2_A_1_1_B_1_1_A_2_4_B_2_4__lp5_n_4_f,451.7930908203125
bicg,A_1_1_A_2_4_s_1_8__lp2_n_8_f,98.64217376708984
k2mm,tmp_1_2_C_2_1_D_2_1_tmp_2_4_C_1_4__lp6_n_4_f,345.4371337890625
syr2k,C_1_1_C_2_16_A_1_1_B_1_1_A_2_16_B_2_16__lp5_n_16_f,306.1423034667969
syrk,C_1_2_C_2_16_A_1_1_A_2_1__lp5_n_1_f,757.6641845703125
syrk,C_1_2_C_2_8_A_1_1_A_2_16__lp5_n_16_f,290.48150634765625
gemm,C_1_1_C_2_16_B_2_2_B_1_2_A_2_2__lp5_n_2_f,508.16961669921875
k3mm,E_2_4_F_2_2_B_2_2_D_2_2_B_1_4_D_1_4_A_2_4_C_2_4_F_1_4__lp3_n_4_f,345.57183837890625
syrk,C_1_1_C_2_2__lp2_n_2_f,231.94781494140625
k3mm,E_2_1_F_2_2_B_2_2_D_2_2_B_1_1_D_1_1_A_2_1_C_2_1_F_1_1__lp3_n_1_f,583.57861328125
gemm,C_1_1_C_2_2_B_2_2_B_1_16_A_2_16__lp5_n_16_f,288.19683837890625
atax,A_1_2_A_2_2_y_1_4__lp4_n_4_f,177.97154235839844
k3mm,E_2_2_F_2_2_B_2_2_D_2_2_B_1_8_D_1_8_A_2_8_C_2_8_F_1_64__lp3_n_8_f,302.6653137207031
syrk,C_1_1_C_2_16_A_1_1_A_2_2__lp5_n_2_f,512.054443359375
gesummv,tmp_1_2_y_1_2__lp3_n_4_f,194.67369079589844
bicg,A_1_2_A_2_64_s_1_2__lp2_n_2_f,259.2135314941406
gesummv,A_1_2_tmp_1_8_y_1_2_B_1_2_A_2_8_x_1_8_B_2_8__lp2_n_8_f,300.5528869628906
syrk,C_1_2_C_2_2_A_1_2_A_2_1__lp5_n_1_f,767.1634521484375
k3mm,E_2_64_F_2_1_B_2_1_D_2_1_B_1_4_D_1_4_A_2_4_C_2_4_F_1_64__lp3_n_4_f,339.80999755859375
gemm,C_1_2_C_2_2_B_2_2_B_1_1_A_2_1__lp5_n_1_f,760.1636352539062
gemm,C_1_2_C_2_1_B_2_1_B_1_1_A_2_1__lp5_n_1_f,756.1253051757812
gesummv,A_1_1_tmp_1_4_y_1_1_B_1_1_A_2_4_x_1_4_B_2_4__lp2_n_4_f,340.39752197265625
syr2k,C_1_1_C_2_2__lp2_n_8_f,163.2277374267578
atax,A_1_1_A_2_2_y_1_8__lp4_n_8_f,104.21940612792969
gemm,C_1_2_C_2_8_B_2_2_B_1_1_A_2_1__lp5_n_1_f,755.7337036132812
bicg,A_1_1_A_2_2_s_1_4__lp2_n_4_f,188.81378173828125
k2mm,tmp_1_4_B_2_4_B_1_8_A_2_8_tmp_2_64__lp3_n_8_f,306.72125244140625
syrk,C_1_1_C_2_64_A_1_2_A_2_4__lp5_n_4_f,379.420166015625
atax,A_1_2_A_2_1_x_1_8__lp2_n_8_f,297.2701721191406
gesummv,A_1_1_tmp_1_8_y_1_8_B_1_1_A_2_2_x_1_2_B_2_2__lp2_n_2_f,414.4450988769531
k2mm,tmp_1_1_C_2_1_D_2_1_tmp_2_2_C_1_2__lp6_n_2_f,422.18994140625
atax,A_1_2_A_2_2_y_1_16__lp4_n_16_f,62.714942932128906
syr2k,C_1_1_C_2_64_A_1_2_B_1_2_A_2_8_B_2_8__lp5_n_8_f,349.45843505859375
syrk,C_1_2_C_2_8_A_1_2_A_2_1__lp5_n_1_f,762.733642578125
gemm,C_1_2_C_2_1_B_2_1_B_1_8_A_2_8__lp5_n_8_f,319.63726806640625
syrk,C_1_1_C_2_2_A_1_1_A_2_8__lp5_n_8_f,322.99822998046875
syr2k,C_1_1_C_2_4__lp2_n_4_f,200.8452911376953
k3mm,E_2_64_F_2_1_B_2_1_D_2_1_B_1_2_D_1_2_A_2_2_C_2_2_F_1_64__lp3_n_2_f,414.16180419921875
atax,A_1_2_A_2_8_y_1_16__lp4_n_16_f,44.4708137512207
bicg,A_1_1_A_2_1_s_1_4__lp2_n_4_f,194.2922821044922
gesummv,A_1_2_tmp_1_16_y_1_16_B_1_2_A_2_1_x_1_1_B_2_1__lp2_n_1_f,588.5960693359375
k2mm,tmp_1_1_B_2_1_B_1_16_A_2_16_tmp_2_64__lp3_n_16_f,288.56097412109375
atax,A_1_1_A_2_2_x_1_8__lp2_n_8_f,297.2701721191406
k3mm,E_2_64_F_2_1_B_2_1_D_2_1_B_1_8_D_1_8_A_2_8_C_2_8_F_1_64__lp3_n_8_f,303.1521301269531
k3mm,E_2_2_F_2_1_B_2_2_D_2_2_B_1_8_D_1_8_A_2_8_C_2_8_F_1_8__lp3_n_8_f,305.91119384765625
gesummv,A_1_2_tmp_1_2_y_1_8_B_1_2_A_2_16_x_1_16_B_2_16__lp2_n_16_f,279.6240234375
gesummv,A_1_2_tmp_1_2_y_1_1_B_1_2_A_2_8_x_1_8_B_2_8__lp2_n_8_f,300.823974609375
syr2k,C_1_2_C_2_8_A_1_2_B_1_2_A_2_1_B_2_1__lp5_n_1_f,1005.478515625
atax,A_1_1_A_2_4_x_1_1__lp2_n_1_f,593.4954223632812
gemm,C_1_1_C_2_2_B_2_1_B_1_8_A_2_8__lp5_n_8_f,319.63726806640625
k2mm,tmp_1_4_B_2_4_B_1_4_A_2_4_tmp_2_16__lp3_n_4_f,375.9263000488281
syr2k,C_1_2_C_2_4__lp2_n_4_f,353.3612365722656
bicg,A_1_1_A_2_64_p_1_8__lp4_n_8_f,288.32098388671875
syrk,C_1_2_C_2_2_A_1_1_A_2_2__lp5_n_2_f,514.2687377929688
gemm,C_1_1_C_2_64_B_2_1_B_1_2_A_2_2__lp5_n_2_f,499.2200927734375
syr2k,C_1_2_C_2_8_A_1_2_B_1_2_A_2_2_B_2_2__lp5_n_2_f,634.6609497070312
gemm,C_1_2_C_2_2_B_2_1_B_1_2_A_2_2__lp5_n_2_f,510.5638122558594
syrk,C_1_2_C_2_1_A_1_1_A_2_8__lp5_n_8_f,322.99822998046875
atax,A_1_1_A_2_1_x_1_8__lp2_n_8_f,297.7861633300781
gemm,C_1_2_C_2_16_B_2_2_B_1_8_A_2_8__lp5_n_8_f,318.20233154296875
syr2k,C_1_1_C_2_2_A_1_2_B_1_2_A_2_1_B_2_1__lp5_n_1_f,1009.9323120117188
gesummv,A_1_2_tmp_1_2_y_1_8_B_1_2_A_2_4_x_1_4_B_2_4__lp2_n_4_f,339.2197570800781
syrk,C_1_2_C_2_1_A_1_1_A_2_16__lp5_n_16_f,291.2267761230469
k3mm,E_2_4_F_2_1_B_2_1_D_2_1_B_1_1_D_1_1_A_2_1_C_2_1_F_1_4__lp3_n_1_f,582.549072265625
syrk,C_1_1_C_2_1__lp2_n_16_f,148.26852416992188
bicg,A_1_2_A_2_64_s_1_8__lp2_n_8_f,56.50315475463867
gemm,C_1_1_C_2_2__lp2_n_4_f,190.78956604003906
gesummv,A_1_1_tmp_1_1_y_1_1_B_1_1_A_2_1_x_1_1_B_2_1__lp2_n_1_f,571.9962158203125
gesummv,A_1_2_tmp_1_8_y_1_2_B_1_2_A_2_16_x_1_16_B_2_16__lp2_n_16_f,279.6240234375
gesummv,A_1_2_tmp_1_2_y_1_4_B_1_2_A_2_2_x_1_2_B_2_2__lp2_n_2_f,414.7127685546875
syrk,C_1_1_C_2_1_A_1_2_A_2_4__lp5_n_4_f,387.0767822265625
syr2k,C_1_1_C_2_16_A_1_1_B_1_1_A_2_1_B_2_1__lp5_n_1_f,1006.1149291992188
atax,A_1_2_A_2_1_x_1_4__lp2_n_4_f,331.3609619140625
syrk,C_1_1_C_2_16_A_1_2_A_2_16__lp5_n_16_f,288.635498046875
atax,A_1_2_A_2_8_y_1_2__lp4_n_2_f,316.00042724609375
k2mm,tmp_1_4_C_2_1_D_2_1_tmp_2_2_C_1_2__lp6_n_2_f,429.90570068359375
k2mm,tmp_1_1_C_2_4_D_2_4_tmp_2_1_C_1_1__lp6_n_1_f,607.5821533203125
gemm,C_1_2_C_2_8_B_2_1_B_1_1_A_2_1__lp5_n_1_f,756.1029052734375
gemm,C_1_1_C_2_1__lp2_n_1_f,307.4858093261719
k3mm,E_2_2_F_2_1_G_2_1_F_1_4__lp6_n_4_f,338.4208679199219
gemm,C_1_2_C_2_16_B_2_1_B_1_4_A_2_4__lp5_n_4_f,381.1016845703125
syr2k,C_1_2_C_2_4_A_1_1_B_1_1_A_2_8_B_2_8__lp5_n_8_f,354.25836181640625
syr2k,C_1_1_C_2_4_A_1_1_B_1_1_A_2_2_B_2_2__lp5_n_2_f,639.3362426757812
k3mm,E_2_8_F_2_2_G_2_1_F_1_8__lp6_n_8_f,298.44390869140625
k3mm,E_2_2_F_2_1_B_2_2_D_2_2_B_1_8_D_1_8_A_2_8_C_2_8_F_1_4__lp3_n_8_f,306.0193786621094
bicg,A_1_2_A_2_2_s_1_1__lp2_n_1_f,612.6432495117188
gemm,C_1_2_C_2_16_B_2_1_B_1_2_A_2_2__lp5_n_2_f,506.0931091308594
k2mm,tmp_1_2_B_2_2_B_1_8_A_2_8_tmp_2_8__lp3_n_8_f,319.00762939453125
k3mm,E_2_4_F_2_1_B_2_2_D_2_2_B_1_1_D_1_1_A_2_1_C_2_1_F_1_4__lp3_n_1_f,581.8627319335938
k3mm,E_2_1_F_2_2_B_2_1_D_2_1_B_1_4_D_1_4_A_2_4_C_2_4_F_1_1__lp3_n_4_f,346.4915466308594
k3mm,E_2_8_F_2_1_B_2_2_D_2_2_B_1_1_D_1_1_A_2_1_C_2_1_F_1_8__lp3_n_1_f,580.111083984375
k2mm,tmp_1_1_B_2_1_B_1_16_A_2_16_tmp_2_1__lp3_n_16_f,289.7733154296875
k2mm,tmp_1_1_B_2_1_B_1_2_A_2_2_tmp_2_4__lp3_n_2_f,510.5638122558594
k3mm,E_2_2_F_2_1_B_2_2_D_2_2_B_1_2_D_1_2_A_2_2_C_2_2_F_1_2__lp3_n_2_f,425.7752685546875
atax,A_1_2_A_2_2_x_1_8__lp2_n_8_f,296.2381286621094
syr2k,C_1_1_C_2_16_A_1_2_B_1_2_A_2_1_B_2_1__lp5_n_1_f,1005.4785766601562
syr2k,C_1_1_C_2_16_A_1_2_B_1_2_A_2_8_B_2_8__lp5_n_8_f,351.8468322753906
atax,A_1_1_A_2_8_x_1_16__lp2_n_16_f,275.1201171875
k3mm,E_2_64_F_2_2_B_2_1_D_2_1_B_1_2_D_1_2_A_2_2_C_2_2_F_1_64__lp3_n_2_f,394.31109619140625
gemm,C_1_1_C_2_8__lp2_n_8_f,177.5760955810547
bicg,A_1_1_A_2_2_s_1_1__lp2_n_1_f,630.3700561523438
bicg,A_1_1_A_2_16_p_1_16__lp4_n_16_f,273.3600158691406
k2mm,tmp_1_2_B_2_2_B_1_16_A_2_16_tmp_2_64__lp3_n_16_f,286.3207702636719
syr2k,C_1_1_C_2_2_A_1_2_B_1_2_A_2_4_B_2_4__lp5_n_4_f,447.59246826171875
gesummv,tmp_1_1_y_1_8__lp3_n_8_f,114.00249481201172
syr2k,C_1_1_C_2_2__lp2_n_1_f,376.11383056640625
gesummv,tmp_1_2_y_1_8__lp3_n_8_f,111.22047424316406
bicg,A_1_2_A_2_1_p_1_4__lp4_n_4_f,331.3609619140625
syrk,C_1_2_C_2_4_A_1_1_A_2_1__lp5_n_1_f,766.0560302734375
syr2k,C_1_2_C_2_16_A_1_1_B_1_1_A_2_8_B_2_8__lp5_n_8_f,351.8468322753906
gemm,C_1_2_C_2_4_B_2_1_B_1_8_A_2_8__lp5_n_8_f,318.8661193847656
syrk,C_1_2_C_2_2_A_1_1_A_2_16__lp5_n_16_f,291.19842529296875
syr2k,C_1_1_C_2_64_A_1_1_B_1_1_A_2_4_B_2_4__lp5_n_4_f,441.0481262207031
gemm,C_1_2_C_2_64_B_2_2_B_1_1_A_2_1__lp5_n_1_f,713.5723266601562
gesummv,A_1_2_tmp_1_2_y_1_16_B_1_2_A_2_4_x_1_4_B_2_4__lp2_n_4_f,338.49493408203125
atax,A_1_1_A_2_4_x_1_8__lp2_n_8_f,296.2381286621094
k3mm,E_2_1_F_2_1_B_2_2_D_2_2_B_1_1_D_1_1_A_2_1_C_2_1_F_1_1__lp3_n_1_f,583.9217529296875
gesummv,A_1_2_tmp_1_1_y_1_2_B_1_2_A_2_4_x_1_4_B_2_4__lp2_n_4_f,339.8539123535156
gemm,C_1_2_C_2_1__lp2_n_16_f,149.4642333984375
gemm,C_1_2_C_2_64_B_2_1_B_1_2_A_2_2__lp5_n_2_f,484.1146240234375
gemm,C_1_1_C_2_8_B_2_2_B_1_1_A_2_1__lp5_n_1_f,758.6869506835938
gemm,C_1_2_C_2_4__lp2_n_4_f,353.3612365722656
atax,A_1_1_A_2_16_y_1_1__lp4_n_1_f,619.9204711914062
gesummv,A_1_2_tmp_1_2_y_1_2_B_1_2_A_2_16_x_1_16_B_2_16__lp2_n_16_f,279.7402038574219
bicg,A_1_1_A_2_1_s_1_1__lp2_n_1_f,641.5445556640625
syrk,C_1_1_C_2_2_A_1_2_A_2_2__lp5_n_2_f,514.2686767578125
gesummv,A_1_1_tmp_1_1_y_1_16_B_1_1_A_2_2_x_1_2_B_2_2__lp2_n_2_f,414.4004211425781
k2mm,tmp_1_4_B_2_4_B_1_2_A_2_2_tmp_2_4__lp3_n_2_f,507.5864562988281
k3mm,E_2_2_F_2_2_B_2_1_D_2_1_B_1_8_D_1_8_A_2_8_C_2_8_F_1_2__lp3_n_8_f,306.5274353027344
syrk,C_1_1_C_2_64_A_1_2_A_2_1__lp5_n_1_f,747.8544311523438
k3mm,E_2_2_F_2_2_B_2_2_D_2_2_B_1_1_D_1_1_A_2_1_C_2_1_F_1_8__lp3_n_1_f,580.0361938476562
syr2k,C_1_2_C_2_2_A_1_2_B_1_2_A_2_1_B_2_1__lp5_n_1_f,1009.2960815429688
syr2k,C_1_1_C_2_4_A_1_1_B_1_1_A_2_1_B_2_1__lp5_n_1_f,1009.9323120117188
gemm,C_1_1_C_2_2_B_2_2_B_1_8_A_2_8__lp5_n_8_f,319.257568359375
gemm,C_1_2_C_2_8__lp2_n_8_f,336.5381164550781
gesummv,A_1_1_tmp_1_2_y_1_1_B_1_1_A_2_16_x_1_16_B_2_16__lp2_n_16_f,279.24365234375
syr2k,C_1_1_C_2_2_A_1_2_B_1_2_A_2_16_B_2_16__lp5_n_16_f,305.3052062988281
syr2k,C_1_1_C_2_16__lp2_n_16_f,166.2039337158203
gemm,C_1_2_C_2_1_B_2_1_B_1_4_A_2_4__lp5_n_4_f,384.39874267578125
gesummv,A_1_1_tmp_1_2_y_1_1_B_1_1_A_2_2_x_1_2_B_2_2__lp2_n_2_f,415.0251159667969
gesummv,A_1_2_tmp_1_4_y_1_2_B_1_2_A_2_16_x_1_16_B_2_16__lp2_n_16_f,279.70147705078125
bicg,A_1_2_A_2_16_p_1_1__lp4_n_1_f,590.0980834960938
syrk,C_1_2_C_2_1__lp2_n_8_f,163.2277374267578
gesummv,A_1_2_tmp_1_2_y_1_2_B_1_2_A_2_2_x_1_2_B_2_2__lp2_n_2_f,414.8019714355469
syr2k,C_1_2_C_2_1_A_1_1_B_1_1_A_2_16_B_2_16__lp5_n_16_f,308.7469787597656
k3mm,E_2_1_F_2_1_B_2_1_D_2_1_B_1_4_D_1_4_A_2_4_C_2_4_F_1_64__lp3_n_4_f,343.1371154785156
k2mm,tmp_1_2_B_2_2_B_1_2_A_2_2_tmp_2_8__lp3_n_2_f,508.16961669921875
k2mm,tmp_1_2_B_2_2_B_1_16_A_2_16_tmp_2_2__lp3_n_16_f,288.38690185546875
k2mm,tmp_1_1_C_2_4_D_2_4_tmp_2_8_C_1_8__lp6_n_8_f,302.7476806640625
bicg,A_1_2_A_2_2_p_1_16__lp4_n_16_f,276.0125427246094
syr2k,C_1_2_C_2_1_A_1_2_B_1_2_A_2_1_B_2_1__lp5_n_1_f,1009.9323120117188
gesummv,A_1_2_tmp_1_2_y_1_4_B_1_2_A_2_1_x_1_1_B_2_1__lp2_n_1_f,577.1484375
syr2k,C_1_2_C_2_8_A_1_1_B_1_1_A_2_4_B_2_4__lp5_n_4_f,446.8653564453125
bicg,A_1_1_A_2_2_s_1_2__lp2_n_2_f,340.5331115722656
k2mm,tmp_1_2_C_2_4_D_2_4_tmp_2_8_C_1_8__lp6_n_8_f,302.38531494140625
syr2k,C_1_1_C_2_1__lp2_n_8_f,160.83636474609375
bicg,A_1_1_A_2_8_s_1_2__lp2_n_2_f,320.5318603515625
bicg,A_1_2_A_2_4_s_1_8__lp2_n_8_f,87.61100006103516
syrk,C_1_2_C_2_64_A_1_1_A_2_2__lp5_n_2_f,488.14678955078125
bicg,A_1_1_A_2_4_p_1_1__lp4_n_1_f,593.4954223632812
bicg,A_1_1_A_2_16_p_1_4__lp4_n_4_f,327.0884094238281
bicg,A_1_2_A_2_1_p_1_8__lp4_n_8_f,297.2701721191406
syrk,C_1_1_C_2_2_A_1_1_A_2_16__lp5_n_16_f,291.2267761230469
syr2k,C_1_2_C_2_8_A_1_2_B_1_2_A_2_8_B_2_8__lp5_n_8_f,351.8468322753906
gemm,C_1_2_C_2_4_B_2_2_B_1_16_A_2_16__lp5_n_16_f,288.76702880859375
k3mm,E_2_2_F_2_1_B_2_2_D_2_2_B_1_4_D_1_4_A_2_4_C_2_4_F_1_64__lp3_n_4_f,342.6502380371094
gemm,C_1_1_C_2_1_B_2_1_B_1_16_A_2_16__lp5_n_16_f,289.7733154296875
syrk,C_1_2_C_2_8_A_1_2_A_2_4__lp5_n_4_f,384.9482727050781
bicg,A_1_2_A_2_1_s_1_2__lp2_n_2_f,340.5331115722656
bicg,A_1_2_A_2_2_p_1_8__lp4_n_8_f,296.2381286621094
syrk,C_1_2_C_2_2__lp2_n_4_f,200.8452911376953
k2mm,tmp_1_1_C_2_4_D_2_4_tmp_2_4_C_1_4__lp6_n_4_f,346.5772399902344
gemm,C_1_2_C_2_64_B_2_1_B_1_8_A_2_8__lp5_n_8_f,313.7732849121094
gesummv,tmp_1_2_y_1_2__lp3_n_16_f,74.29988098144531
bicg,A_1_1_A_2_8_p_1_4__lp4_n_4_f,329.00555419921875
gesummv,A_1_1_tmp_1_8_y_1_1_B_1_1_A_2_16_x_1_16_B_2_16__lp2_n_16_f,280.0514221191406
gesummv,tmp_1_4_y_1_2__lp3_n_4_f,183.76034545898438
k2mm,tmp_1_1_B_2_1_B_1_1_A_2_1_tmp_2_2__lp3_n_1_f,756.1253051757812
k2mm,tmp_1_4_C_2_1_D_2_1_tmp_2_1_C_1_1__lp6_n_1_f,604.7534790039062
bicg,A_1_2_A_2_8_s_1_2__lp2_n_2_f,316.0003662109375
k2mm,tmp_1_2_B_2_2_B_1_8_A_2_8_tmp_2_4__lp3_n_8_f,319.4102478027344
k2mm,tmp_1_4_B_2_4_B_1_1_A_2_1_tmp_2_64__lp3_n_1_f,612.4337768554688
syrk,C_1_1_C_2_1_A_1_2_A_2_16__lp5_n_16_f,290.3357849121094
syr2k,C_1_2_C_2_64_A_1_1_B_1_1_A_2_1_B_2_1__lp5_n_1_f,959.2239379882812
bicg,A_1_2_A_2_2_p_1_4__lp4_n_4_f,333.76385498046875
atax,A_1_2_A_2_64_y_1_2__lp4_n_2_f,259.21356201171875
atax,A_1_2_A_2_2_y_1_8__lp4_n_8_f,98.64217376708984
gesummv,A_1_1_tmp_1_1_y_1_8_B_1_1_A_2_8_x_1_8_B_2_8__lp2_n_8_f,301.2112731933594
k3mm,E_2_2_F_2_1_B_2_2_D_2_2_B_1_1_D_1_1_A_2_1_C_2_1_F_1_4__lp3_n_1_f,582.549072265625
syrk,C_1_2_C_2_1_A_1_1_A_2_4__lp5_n_4_f,388.09033203125
atax,A_1_2_A_2_16_x_1_16__lp2_n_16_f,271.385498046875
syr2k,C_1_2_C_2_64_A_1_1_B_1_1_A_2_8_B_2_8__lp5_n_8_f,347.4064636230469
bicg,A_1_1_A_2_64_s_1_4__lp2_n_4_f,141.7476806640625
syr2k,C_1_2_C_2_4_A_1_2_B_1_2_A_2_2_B_2_2__lp5_n_2_f,636.2449340820312
bicg,A_1_1_A_2_16_s_1_1__lp2_n_1_f,619.9204711914062
k2mm,tmp_1_4_C_2_2_D_2_2_tmp_2_2_C_1_2__lp6_n_2_f,430.86566162109375
atax,A_1_1_A_2_8_y_1_2__lp4_n_2_f,320.5318603515625
bicg,A_1_2_A_2_4_s_1_2__lp2_n_2_f,320.5318603515625
bicg,A_1_1_A_2_4_s_1_1__lp2_n_1_f,612.6432495117188
k3mm,E_2_1_F_2_2_B_2_1_D_2_1_B_1_2_D_1_2_A_2_2_C_2_2_F_1_8__lp3_n_2_f,425.16326904296875
k2mm,tmp_1_2_B_2_2_B_1_4_A_2_4_tmp_2_8__lp3_n_4_f,382.45452880859375
atax,A_1_1_A_2_2_x_1_1__lp2_n_1_f,611.1759033203125
k3mm,E_2_64_F_2_2_B_2_2_D_2_2_B_1_1_D_1_1_A_2_1_C_2_1_F_1_64__lp3_n_1_f,516.9050903320312
atax,A_1_2_A_2_1_y_1_1__lp4_n_1_f,630.3700561523438
syr2k,C_1_1_C_2_2_A_1_2_B_1_2_A_2_2_B_2_2__lp5_n_2_f,637.3551025390625
gemm,C_1_2_C_2_1_B_2_1_B_1_2_A_2_2__lp5_n_2_f,510.9330139160156
gemm,C_1_1_C_2_2_B_2_1_B_1_4_A_2_4__lp5_n_4_f,384.39874267578125
syrk,C_1_2_C_2_2_A_1_1_A_2_8__lp5_n_8_f,322.9429016113281
k2mm,tmp_1_2_B_2_2_B_1_2_A_2_2_tmp_2_16__lp3_n_2_f,505.6820068359375
k2mm,tmp_1_2_B_2_2_B_1_1_A_2_1_tmp_2_4__lp3_n_1_f,758.6869506835938
atax,A_1_2_A_2_16_y_1_2__lp4_n_2_f,306.75128173828125
syr2k,C_1_2_C_2_4_A_1_1_B_1_1_A_2_4_B_2_4__lp5_n_4_f,448.201171875
bicg,A_1_2_A_2_64_p_1_8__lp4_n_8_f,284.7310791015625
bicg,A_1_1_A_2_2_p_1_16__lp4_n_16_f,276.4892883300781
gesummv,A_1_1_tmp_1_2_y_1_2_B_1_1_A_2_1_x_1_1_B_2_1__lp2_n_1_f,573.5360107421875
syr2k,C_1_2_C_2_64_A_1_2_B_1_2_A_2_2_B_2_2__lp5_n_2_f,608.0711059570312
k2mm,tmp_1_2_B_2_2_B_1_16_A_2_16_tmp_2_4__lp3_n_16_f,288.76702880859375
k2mm,tmp_1_4_C_2_1_D_2_1_tmp_2_4_C_1_4__lp6_n_4_f,346.2662658691406
gesummv,A_1_2_tmp_1_1_y_1_2_B_1_2_A_2_8_x_1_8_B_2_8__lp2_n_8_f,300.823974609375
k3mm,E_2_2_F_2_2_B_2_1_D_2_1_B_1_4_D_1_4_A_2_4_C_2_4_F_1_2__lp3_n_4_f,346.3292541503906
atax,A_1_1_A_2_16_x_1_1__lp2_n_1_f,598.32470703125
k3mm,E_2_1_F_2_1_G_2_2_F_1_2__lp6_n_2_f,402.67828369140625
k3mm,E_2_1_F_2_2_B_2_1_D_2_1_B_1_2_D_1_2_A_2_2_C_2_2_F_1_1__lp3_n_2_f,427.24139404296875
syrk,C_1_2_C_2_1_A_1_2_A_2_16__lp5_n_16_f,290.1900329589844
bicg,A_1_1_A_2_4_s_1_4__lp2_n_4_f,177.97154235839844
gemm,C_1_2_C_2_8_B_2_2_B_1_8_A_2_8__lp5_n_8_f,319.00762939453125
atax,A_1_2_A_2_4_x_1_2__lp2_n_2_f,404.2585754394531
gesummv,A_1_2_tmp_1_1_y_1_1_B_1_2_A_2_4_x_1_4_B_2_4__lp2_n_4_f,339.94451904296875
bicg,A_1_2_A_2_64_p_1_4__lp4_n_4_f,307.6520080566406
gemm,C_1_2_C_2_2_B_2_1_B_1_8_A_2_8__lp5_n_8_f,318.2804260253906
atax,A_1_1_A_2_16_y_1_8__lp4_n_8_f,80.89460754394531
syr2k,C_1_1_C_2_16_A_1_2_B_1_2_A_2_4_B_2_4__lp5_n_4_f,445.8958435058594
syrk,C_1_1_C_2_8_A_1_1_A_2_16__lp5_n_16_f,291.14178466796875
gemm,C_1_2_C_2_2_B_2_2_B_1_2_A_2_2__lp5_n_2_f,510.1947021484375
k3mm,E_2_8_F_2_2_G_2_2_F_1_8__lp6_n_8_f,298.4537353515625
atax,A_1_2_A_2_2_y_1_1__lp4_n_1_f,612.6432495117188
gemm,C_1_2_C_2_2_B_2_1_B_1_4_A_2_4__lp5_n_4_f,384.20751953125
atax,A_1_2_A_2_4_y_1_1__lp4_n_1_f,619.9168701171875
atax,A_1_1_A_2_64_x_1_16__lp2_n_16_f,270.6659240722656
k3mm,E_2_4_F_2_1_B_2_2_D_2_2_B_1_2_D_1_2_A_2_2_C_2_2_F_1_4__lp3_n_2_f,425.25689697265625
gesummv,tmp_1_2_y_1_1__lp3_n_2_f,351.6748046875
syrk,C_1_2_C_2_64_A_1_1_A_2_16__lp5_n_16_f,287.72723388671875
k2mm,tmp_1_1_B_2_1_B_1_16_A_2_16_tmp_2_4__lp3_n_16_f,289.336181640625
gesummv,A_1_1_tmp_1_2_y_1_2_B_1_1_A_2_8_x_1_8_B_2_8__lp2_n_8_f,301.4048767089844
gemm,C_1_2_C_2_2_B_2_2_B_1_4_A_2_4__lp5_n_4_f,383.76934814453125
k3mm,E_2_64_F_2_1_B_2_2_D_2_2_B_1_2_D_1_2_A_2_2_C_2_2_F_1_64__lp3_n_2_f,413.8025817871094
k2mm,tmp_1_4_B_2_4_B_1_2_A_2_2_tmp_2_64__lp3_n_2_f,453.6800231933594
k2mm,tmp_1_1_B_2_1_B_1_8_A_2_8_tmp_2_16__lp3_n_8_f,319.4102478027344
gesummv,A_1_1_tmp_1_8_y_1_1_B_1_1_A_2_2_x_1_2_B_2_2__lp2_n_2_f,414.75738525390625
syr2k,C_1_2_C_2_4_A_1_2_B_1_2_A_2_4_B_2_4__lp5_n_4_f,446.8653564453125
gemm,C_1_2_C_2_1_B_2_1_B_1_16_A_2_16__lp5_n_16_f,289.6275939941406
k3mm,E_2_2_F_2_1_G_2_1_F_1_1__lp6_n_1_f,588.1531982421875
k2mm,tmp_1_1_B_2_1_B_1_8_A_2_8_tmp_2_4__lp3_n_8_f,318.2804260253906
k3mm,E_2_8_F_2_2_B_2_2_D_2_2_B_1_2_D_1_2_A_2_2_C_2_2_F_1_8__lp3_n_2_f,423.7969970703125
atax,A_1_2_A_2_16_x_1_8__lp2_n_8_f,290.1158752441406
k3mm,E_2_4_F_2_2_G_2_1_F_1_4__lp6_n_4_f,335.2713623046875
gesummv,A_1_2_tmp_1_8_y_1_2_B_1_2_A_2_2_x_1_2_B_2_2__lp2_n_2_f,414.5343322753906
atax,A_1_2_A_2_8_y_1_4__lp4_n_4_f,162.06683349609375
syrk,C_1_1_C_2_2_A_1_2_A_2_4__lp5_n_4_f,386.361328125
gemm,C_1_2_C_2_2__lp2_n_1_f,398.6334228515625
syrk,C_1_1_C_2_16_A_1_2_A_2_4__lp5_n_4_f,384.9482727050781
k3mm,E_2_1_F_2_1_B_2_2_D_2_2_B_1_4_D_1_4_A_2_4_C_2_4_F_1_1__lp3_n_4_f,346.1128234863281
k3mm,E_2_2_F_2_2_B_2_2_D_2_2_B_1_2_D_1_2_A_2_2_C_2_2_F_1_1__lp3_n_2_f,425.7752685546875
syr2k,C_1_1_C_2_1__lp2_n_2_f,216.78744506835938
atax,A_1_2_A_2_16_y_1_1__lp4_n_1_f,618.3377685546875
k2mm,tmp_1_4_B_2_4_B_1_16_A_2_16_tmp_2_2__lp3_n_16_f,288.7850036621094
syr2k,C_1_1_C_2_8_A_1_2_B_1_2_A_2_1_B_2_1__lp5_n_1_f,1008.0235595703125
syr2k,C_1_1_C_2_8_A_1_2_B_1_2_A_2_4_B_2_4__lp5_n_4_f,446.8653564453125
atax,A_1_2_A_2_4_x_1_16__lp2_n_16_f,275.1201171875
syr2k,C_1_1_C_2_16_A_1_2_B_1_2_A_2_16_B_2_16__lp5_n_16_f,306.1005859375
k3mm,E_2_1_F_2_2_B_2_1_D_2_1_B_1_4_D_1_4_A_2_4_C_2_4_F_1_2__lp3_n_4_f,346.3833923339844
atax,A_1_2_A_2_2_x_1_1__lp2_n_1_f,593.4954223632812
gesummv,A_1_2_tmp_1_16_y_1_2_B_1_2_A_2_16_x_1_16_B_2_16__lp2_n_16_f,279.4691467285156
bicg,A_1_1_A_2_16_s_1_16__lp2_n_16_f,44.4708137512207
k3mm,E_2_2_F_2_2_G_2_2_F_1_4__lp6_n_4_f,335.1673278808594
gemm,C_1_2_C_2_64_B_2_2_B_1_2_A_2_2__lp5_n_2_f,483.6700134277344
k2mm,tmp_1_4_B_2_4_B_1_1_A_2_1_tmp_2_4__lp3_n_1_f,754.9953002929688
gesummv,tmp_1_8_y_1_1__lp3_n_8_f,114.00249481201172
bicg,A_1_2_A_2_16_s_1_4__lp2_n_4_f,153.21859741210938
syr2k,C_1_2_C_2_16_A_1_1_B_1_1_A_2_4_B_2_4__lp5_n_4_f,444.92633056640625
k2mm,tmp_1_2_B_2_2_B_1_8_A_2_8_tmp_2_1__lp3_n_8_f,319.257568359375
gemm,C_1_1_C_2_1__lp2_n_2_f,216.78746032714844
atax,A_1_1_A_2_1_x_1_2__lp2_n_2_f,433.3955993652344
k3mm,E_2_8_F_2_1_B_2_2_D_2_2_B_1_8_D_1_8_A_2_8_C_2_8_F_1_8__lp3_n_8_f,305.74884033203125
k3mm,E_2_1_F_2_2_B_2_1_D_2_1_B_1_1_D_1_1_A_2_1_C_2_1_F_1_8__lp3_n_1_f,580.1486206054688
atax,A_1_1_A_2_16_y_1_16__lp4_n_16_f,44.4708137512207
gesummv,A_1_2_tmp_1_2_y_1_2_B_1_2_A_2_8_x_1_8_B_2_8__lp2_n_8_f,300.7852478027344
gemm,C_1_2_C_2_8_B_2_1_B_1_8_A_2_8__lp5_n_8_f,319.4102783203125
gesummv,A_1_2_tmp_1_4_y_1_4_B_1_2_A_2_1_x_1_1_B_2_1__lp2_n_1_f,578.9873657226562
gesummv,A_1_1_tmp_1_4_y_1_1_B_1_1_A_2_8_x_1_8_B_2_8__lp2_n_8_f,301.36614990234375
syr2k,C_1_1_C_2_1_A_1_2_B_1_2_A_2_4_B_2_4__lp5_n_4_f,447.713623046875
syrk,C_1_2_C_2_8_A_1_2_A_2_16__lp5_n_16_f,288.635498046875
syrk,C_1_1_C_2_4_A_1_2_A_2_8__lp5_n_8_f,319.5638427734375
atax,A_1_1_A_2_2_y_1_4__lp4_n_4_f,188.81378173828125
k2mm,tmp_1_1_B_2_1_B_1_4_A_2_4_tmp_2_1__lp3_n_4_f,384.8021545410156
bicg,A_1_1_A_2_8_s_1_16__lp2_n_16_f,57.00442886352539
gemm,C_1_2_C_2_4_B_2_1_B_1_4_A_2_4__lp5_n_4_f,383.76934814453125
syr2k,C_1_2_C_2_2_A_1_1_B_1_1_A_2_2_B_2_2__lp5_n_2_f,639.3362426757812
k2mm,tmp_1_1_C_2_1_D_2_1_tmp_2_1_C_1_1__lp6_n_1_f,588.3126831054688
syrk,C_1_2_C_2_2__lp2_n_16_f,151.85562133789062
gemm,C_1_1_C_2_4_B_2_1_B_1_16_A_2_16__lp5_n_16_f,289.336181640625
bicg,A_1_2_A_2_2_s_1_2__lp2_n_2_f,328.1812438964844
gesummv,tmp_1_1_y_1_1__lp3_n_8_f,122.33840942382812
k3mm,E_2_2_F_2_2_B_2_2_D_2_2_B_1_4_D_1_4_A_2_4_C_2_4_F_1_4__lp3_n_4_f,345.6800537109375
gesummv,A_1_2_tmp_1_16_y_1_16_B_1_2_A_2_4_x_1_4_B_2_4__lp2_n_4_f,337.2265625
gemm,C_1_2_C_2_1__lp2_n_2_f,231.9478302001953
gesummv,A_1_2_tmp_1_16_y_1_16_B_1_2_A_2_16_x_1_16_B_2_16__lp2_n_16_f,279.19805908203125
bicg,A_1_2_A_2_1_p_1_2__lp4_n_2_f,425.53125
gemm,C_1_2_C_2_16_B_2_2_B_1_1_A_2_1__lp5_n_1_f,750.5182495117188
k3mm,E_2_2_F_2_2_B_2_2_D_2_2_B_1_2_D_1_2_A_2_2_C_2_2_F_1_4__lp3_n_2_f,425.219482421875
syrk,C_1_2_C_2_2__lp2_n_8_f,168.01052856445312
syr2k,C_1_1_C_2_8_A_1_2_B_1_2_A_2_2_B_2_2__lp5_n_2_f,636.2449340820312
syr2k,C_1_1_C_2_2__lp2_n_4_f,190.78956604003906
k3mm,E_2_2_F_2_2_B_2_2_D_2_2_B_1_4_D_1_4_A_2_4_C_2_4_F_1_8__lp3_n_4_f,345.24725341796875
k3mm,E_2_1_F_2_1_B_2_1_D_2_1_B_1_1_D_1_1_A_2_1_C_2_1_F_1_1__lp3_n_1_f,584.3640747070312
syrk,C_1_2_C_2_64_A_1_2_A_2_8__lp5_n_8_f,314.7828369140625
k3mm,E_2_8_F_2_1_B_2_1_D_2_1_B_1_2_D_1_2_A_2_2_C_2_2_F_1_8__lp3_n_2_f,425.1820068359375
k2mm,tmp_1_1_B_2_1_B_1_4_A_2_4_tmp_2_64__lp3_n_4_f,377.3377685546875
gemm,C_1_1_C_2_2__lp2_n_2_f,231.94781494140625
syr2k,C_1_2_C_2_1__lp2_n_1_f,376.1138000488281
syrk,C_1_1_C_2_1_A_1_2_A_2_2__lp5_n_2_f,512.4824829101562
atax,A_1_1_A_2_4_x_1_4__lp2_n_4_f,333.76385498046875
k3mm,E_2_64_F_2_2_B_2_1_D_2_1_B_1_8_D_1_8_A_2_8_C_2_8_F_1_64__lp3_n_8_f,301.42364501953125
syr2k,C_1_2_C_2_2__lp2_n_4_f,200.8452911376953
bicg,A_1_1_A_2_1_s_1_16__lp2_n_16_f,66.99781799316406
syr2k,C_1_2_C_2_8__lp2_n_8_f,336.53814697265625
gemm,C_1_2_C_2_2_B_2_1_B_1_1_A_2_1__lp5_n_1_f,760.53271484375
syr2k,C_1_1_C_2_64_A_1_2_B_1_2_A_2_16_B_2_16__lp5_n_16_f,305.07452392578125
syrk,C_1_1_C_2_4_A_1_1_A_2_4__lp5_n_4_f,387.45489501953125
k3mm,E_2_2_F_2_1_B_2_1_D_2_1_B_1_1_D_1_1_A_2_1_C_2_1_F_1_2__lp3_n_1_f,583.9217529296875
bicg,A_1_2_A_2_64_s_1_1__lp2_n_1_f,561.8616943359375
k2mm,tmp_1_2_C_2_4_D_2_4_tmp_2_4_C_1_4__lp6_n_4_f,346.99176025390625
k2mm,tmp_1_2_B_2_2_B_1_1_A_2_1_tmp_2_16__lp3_n_1_f,750.5182495117188
k3mm,E_2_4_F_2_1_B_2_2_D_2_2_B_1_8_D_1_8_A_2_8_C_2_8_F_1_4__lp3_n_8_f,305.9653015136719
k3mm,E_2_2_F_2_1_G_2_1_F_1_8__lp6_n_8_f,302.0964050292969
syrk,C_1_2_C_2_8_A_1_1_A_2_8__lp5_n_8_f,319.7215270996094
gesummv,A_1_2_tmp_1_2_y_1_16_B_1_2_A_2_16_x_1_16_B_2_16__lp2_n_16_f,279.4691467285156
syr2k,C_1_1_C_2_2_A_1_1_B_1_1_A_2_4_B_2_4__lp5_n_4_f,453.5844421386719
k3mm,E_2_4_F_2_2_G_2_2_F_1_4__lp6_n_4_f,335.37506103515625
syr2k,C_1_1_C_2_8_A_1_1_B_1_1_A_2_1_B_2_1__lp5_n_1_f,1008.6597900390625
syrk,C_1_1_C_2_1_A_1_2_A_2_1__lp5_n_1_f,754.8408203125
k3mm,E_2_2_F_2_1_B_2_1_D_2_1_B_1_4_D_1_4_A_2_4_C_2_4_F_1_2__lp3_n_4_f,346.4374694824219
syrk,C_1_2_C_2_2_A_1_1_A_2_4__lp5_n_4_f,387.45489501953125
k2mm,tmp_1_4_B_2_4_B_1_16_A_2_16_tmp_2_4__lp3_n_16_f,288.56097412109375
k3mm,E_2_2_F_2_1_G_2_1_F_1_2__lp6_n_2_f,402.67828369140625
k3mm,E_2_2_F_2_2_G_2_1_F_1_2__lp6_n_2_f,408.5511779785156
k3mm,E_2_1_F_2_1_G_2_2_F_1_8__lp6_n_8_f,302.0963439941406
syrk,C_1_2_C_2_2_A_1_2_A_2_2__lp5_n_2_f,513.8995361328125
bicg,A_1_1_A_2_4_p_1_2__lp4_n_2_f,411.52459716796875
syr2k,C_1_2_C_2_4_A_1_1_B_1_1_A_2_1_B_2_1__lp5_n_1_f,1008.6597900390625
atax,A_1_2_A_2_2_x_1_16__lp2_n_16_f,276.0125427246094
gesummv,A_1_2_tmp_1_1_y_1_1_B_1_2_A_2_1_x_1_1_B_2_1__lp2_n_1_f,573.5360107421875
gemm,C_1_1_C_2_64_B_2_1_B_1_4_A_2_4__lp5_n_4_f,377.3377685546875
syrk,C_1_2_C_2_2__lp2_n_2_f,355.5160217285156
syrk,C_1_2_C_2_4_A_1_1_A_2_4__lp5_n_4_f,386.2630310058594
gesummv,tmp_1_4_y_1_1__lp3_n_4_f,189.21701049804688
syr2k,C_1_2_C_2_4_A_1_1_B_1_1_A_2_16_B_2_16__lp5_n_16_f,308.442138671875
k3mm,E_2_1_F_2_1_B_2_1_D_2_1_B_1_4_D_1_4_A_2_4_C_2_4_F_1_1__lp3_n_4_f,346.5456237792969
k2mm,tmp_1_4_B_2_4_B_1_4_A_2_4_tmp_2_4__lp3_n_4_f,381.5721435546875
gemm,C_1_1_C_2_4_B_2_2_B_1_4_A_2_4__lp5_n_4_f,383.76934814453125
syrk,C_1_2_C_2_1_A_1_2_A_2_2__lp5_n_2_f,514.2686767578125
syrk,C_1_1_C_2_64_A_1_2_A_2_8__lp5_n_8_f,318.00396728515625
gesummv,A_1_2_tmp_1_1_y_1_2_B_1_2_A_2_2_x_1_2_B_2_2__lp2_n_2_f,414.8465576171875
gemm,C_1_2_C_2_8_B_2_2_B_1_2_A_2_2__lp5_n_2_f,508.1695861816406
syr2k,C_1_2_C_2_1_A_1_2_B_1_2_A_2_4_B_2_4__lp5_n_4_f,447.59246826171875
gemm,C_1_1_C_2_8_B_2_1_B_1_4_A_2_4__lp5_n_4_f,383.76934814453125
gemm,C_1_2_C_2_16__lp2_n_16_f,320.3282470703125
gesummv,A_1_2_tmp_1_2_y_1_4_B_1_2_A_2_4_x_1_4_B_2_4__lp2_n_4_f,339.5821838378906
gemm,C_1_1_C_2_64_B_2_2_B_1_2_A_2_2__lp5_n_2_f,498.7495422363281
gesummv,tmp_1_16_y_1_2__lp3_n_16_f,78.23240661621094
gemm,C_1_1_C_2_4_B_2_1_B_1_4_A_2_4__lp5_n_4_f,384.20751953125
atax,A_1_2_A_2_1_x_1_16__lp2_n_16_f,276.4892883300781
bicg,A_1_2_A_2_4_s_1_16__lp2_n_16_f,57.00442886352539
atax,A_1_2_A_2_16_x_1_1__lp2_n_1_f,590.0980834960938
gesummv,A_1_2_tmp_1_4_y_1_4_B_1_2_A_2_2_x_1_2_B_2_2__lp2_n_2_f,414.6235656738281
k2mm,tmp_1_2_C_2_2_D_2_2_tmp_2_16_C_1_16__lp6_n_16_f,273.2461242675781
gesummv,A_1_2_tmp_1_4_y_1_2_B_1_2_A_2_4_x_1_4_B_2_4__lp2_n_4_f,339.5821838378906
syr2k,C_1_2_C_2_1__lp2_n_2_f,231.94781494140625
syrk,C_1_1_C_2_4_A_1_2_A_2_16__lp5_n_16_f,289.8986511230469
bicg,A_1_1_A_2_8_s_1_1__lp2_n_1_f,619.9169311523438
k2mm,tmp_1_4_C_2_4_D_2_4_tmp_2_2_C_1_2__lp6_n_2_f,432.7855529785156
gemm,C_1_1_C_2_2_B_2_1_B_1_2_A_2_2__lp5_n_2_f,510.9330139160156
gesummv,A_1_1_tmp_1_16_y_1_1_B_1_1_A_2_16_x_1_16_B_2_16__lp2_n_16_f,280.1080322265625
syr2k,C_1_1_C_2_8_A_1_1_B_1_1_A_2_2_B_2_2__lp5_n_2_f,636.9700927734375
k3mm,E_2_2_F_2_1_B_2_2_D_2_2_B_1_2_D_1_2_A_2_2_C_2_2_F_1_4__lp3_n_2_f,425.29437255859375
syrk,C_1_1_C_2_1_A_1_1_A_2_16__lp5_n_16_f,291.24090576171875
k3mm,E_2_64_F_2_2_B_2_2_D_2_2_B_1_4_D_1_4_A_2_4_C_2_4_F_1_64__lp3_n_4_f,336.9691162109375
k2mm,tmp_1_2_B_2_2_B_1_8_A_2_8_tmp_2_2__lp3_n_8_f,319.611572265625
k3mm,E_2_2_F_2_2_B_2_2_D_2_2_B_1_1_D_1_1_A_2_1_C_2_1_F_1_64__lp3_n_1_f,547.9608154296875
syr2k,C_1_2_C_2_2_A_1_2_B_1_2_A_2_8_B_2_8__lp5_n_8_f,352.57403564453125
gesummv,tmp_1_2_y_1_2__lp3_n_1_f,629.4799194335938
gesummv,A_1_2_tmp_1_8_y_1_8_B_1_2_A_2_16_x_1_16_B_2_16__lp2_n_16_f,279.50787353515625
gesummv,A_1_1_tmp_1_1_y_1_8_B_1_1_A_2_1_x_1_1_B_2_1__lp2_n_1_f,578.0516357421875
syr2k,C_1_2_C_2_16_A_1_1_B_1_1_A_2_1_B_2_1__lp5_n_1_f,1001.1603393554688
gesummv,A_1_1_tmp_1_1_y_1_16_B_1_1_A_2_4_x_1_4_B_2_4__lp2_n_4_f,339.3103332519531
k2mm,tmp_1_2_C_2_4_D_2_4_tmp_2_16_C_1_16__lp6_n_16_f,272.28668212890625
syrk,C_1_1_C_2_1_A_1_1_A_2_8__lp5_n_8_f,323.0259094238281
k3mm,E_2_1_F_2_1_B_2_1_D_2_1_B_1_1_D_1_1_A_2_1_C_2_1_F_1_64__lp3_n_1_f,575.2466430664062
k3mm,E_2_2_F_2_2_B_2_2_D_2_2_B_1_8_D_1_8_A_2_8_C_2_8_F_1_8__lp3_n_8_f,305.6947326660156
gesummv,A_1_2_tmp_1_1_y_1_2_B_1_2_A_2_16_x_1_16_B_2_16__lp2_n_16_f,279.759521484375
syr2k,C_1_2_C_2_16_A_1_1_B_1_1_A_2_16_B_2_16__lp5_n_16_f,305.0972595214844
k2mm,tmp_1_2_B_2_2_B_1_4_A_2_4_tmp_2_16__lp3_n_4_f,380.6311950683594
gesummv,A_1_2_tmp_1_2_y_1_4_B_1_2_A_2_16_x_1_16_B_2_16__lp2_n_16_f,279.70147705078125
bicg,A_1_2_A_2_1_p_1_16__lp4_n_16_f,276.4892883300781
k3mm,E_2_8_F_2_2_B_2_1_D_2_1_B_1_2_D_1_2_A_2_2_C_2_2_F_1_8__lp3_n_2_f,424.2303161621094
k3mm,E_2_1_F_2_1_B_2_1_D_2_1_B_1_8_D_1_8_A_2_8_C_2_8_F_1_8__lp3_n_8_f,306.4207458496094
gemm,C_1_1_C_2_8_B_2_2_B_1_8_A_2_8__lp5_n_8_f,319.4102783203125
gemm,C_1_1_C_2_2_B_2_2_B_1_4_A_2_4__lp5_n_4_f,383.9884338378906
atax,A_1_2_A_2_1_y_1_2__lp4_n_2_f,340.5331115722656
gesummv,tmp_1_8_y_1_8__lp3_n_8_f,91.82353973388672
k2mm,tmp_1_4_B_2_4_B_1_1_A_2_1_tmp_2_8__lp3_n_1_f,749.93505859375
k2mm,tmp_1_1_B_2_1_B_1_8_A_2_8_tmp_2_8__lp3_n_8_f,318.8661193847656
gemm,C_1_2_C_2_4_B_2_2_B_1_4_A_2_4__lp5_n_4_f,383.3310852050781
k2mm,tmp_1_2_B_2_2_B_1_16_A_2_16_tmp_2_16__lp3_n_16_f,289.009033203125
bicg,A_1_2_A_2_64_p_1_16__lp4_n_16_f,269.1635437011719
bicg,A_1_1_A_2_1_p_1_4__lp4_n_4_f,330.43060302734375
syrk,C_1_2_C_2_16_A_1_2_A_2_1__lp5_n_1_f,757.3726196289062
k3mm,E_2_2_F_2_2_B_2_2_D_2_2_B_1_8_D_1_8_A_2_8_C_2_8_F_1_1__lp3_n_8_f,306.0735168457031
syr2k,C_1_2_C_2_4_A_1_1_B_1_1_A_2_2_B_2_2__lp5_n_2_f,636.9700927734375
gesummv,A_1_2_tmp_1_2_y_1_8_B_1_2_A_2_1_x_1_1_B_2_1__lp2_n_1_f,580.8710327148438
gesummv,tmp_1_2_y_1_2__lp3_n_2_f,346.0301208496094
k2mm,tmp_1_1_C_2_4_D_2_4_tmp_2_16_C_1_16__lp6_n_16_f,272.7381896972656
atax,A_1_2_A_2_8_x_1_16__lp2_n_16_f,273.3600158691406
atax,A_1_1_A_2_4_y_1_8__lp4_n_8_f,98.64217376708984
gemm,C_1_2_C_2_16_B_2_1_B_1_8_A_2_8__lp5_n_8_f,318.6050109863281
bicg,A_1_2_A_2_8_p_1_1__lp4_n_1_f,598.32470703125
gemm,C_1_1_C_2_1_B_2_2_B_1_4_A_2_4__lp5_n_4_f,384.0979919433594
syrk,C_1_1_C_2_64_A_1_1_A_2_8__lp5_n_8_f,318.4065856933594
syr2k,C_1_2_C_2_1__lp2_n_4_f,190.78956604003906
syrk,C_1_2_C_2_4_A_1_1_A_2_8__lp5_n_8_f,322.0660095214844
bicg,A_1_1_A_2_4_p_1_4__lp4_n_4_f,333.76385498046875
gesummv,A_1_1_tmp_1_1_y_1_4_B_1_1_A_2_16_x_1_16_B_2_16__lp2_n_16_f,279.5129089355469
k2mm,tmp_1_2_B_2_2_B_1_8_A_2_8_tmp_2_16__lp3_n_8_f,318.20233154296875
gemm,C_1_1_C_2_4_B_2_1_B_1_2_A_2_2__lp5_n_2_f,510.5638122558594
k2mm,tmp_1_1_B_2_1_B_1_4_A_2_4_tmp_2_16__lp3_n_4_f,382.892822265625
bicg,A_1_1_A_2_16_s_1_2__lp2_n_2_f,316.0003662109375
gesummv,A_1_2_tmp_1_16_y_1_2_B_1_2_A_2_2_x_1_2_B_2_2__lp2_n_2_f,414.1773986816406
syr2k,C_1_1_C_2_2__lp2_n_16_f,149.4642333984375
atax,A_1_2_A_2_4_x_1_1__lp2_n_1_f,600.4287719726562
gemm,C_1_1_C_2_64_B_2_1_B_1_16_A_2_16__lp5_n_16_f,288.56097412109375
syrk,C_1_1_C_2_1_A_1_1_A_2_4__lp5_n_4_f,387.64764404296875
syr2k,C_1_2_C_2_8_A_1_1_B_1_1_A_2_8_B_2_8__lp5_n_8_f,352.8163757324219
k3mm,E_2_2_F_2_1_B_2_2_D_2_2_B_1_1_D_1_1_A_2_1_C_2_1_F_1_2__lp3_n_1_f,583.2354125976562
bicg,A_1_1_A_2_1_p_1_1__lp4_n_1_f,622.606201171875
gesummv,tmp_1_1_y_1_16__lp3_n_16_f,79.4243392944336
k2mm,tmp_1_1_B_2_1_B_1_4_A_2_4_tmp_2_2__lp3_n_4_f,384.39874267578125
syr2k,C_1_2_C_2_1_A_1_2_B_1_2_A_2_16_B_2_16__lp5_n_16_f,305.3052062988281
syr2k,C_1_2_C_2_8_A_1_1_B_1_1_A_2_16_B_2_16__lp5_n_16_f,306.142333984375
atax,A_1_2_A_2_8_x_1_4__lp2_n_4_f,327.0884094238281
syr2k,C_1_2_C_2_1__lp2_n_16_f,149.4642333984375
gesummv,A_1_1_tmp_1_16_y_1_16_B_1_1_A_2_4_x_1_4_B_2_4__lp2_n_4_f,337.951416015625
gesummv,A_1_1_tmp_1_16_y_1_16_B_1_1_A_2_1_x_1_1_B_2_1__lp2_n_1_f,587.89794921875
gemm,C_1_1_C_2_8_B_2_2_B_1_2_A_2_2__lp5_n_2_f,509.4564208984375
k2mm,tmp_1_4_B_2_4_B_1_2_A_2_2_tmp_2_2__lp3_n_2_f,508.75274658203125
syrk,C_1_2_C_2_2_A_1_2_A_2_8__lp5_n_8_f,319.5638427734375
k2mm,tmp_1_4_B_2_4_B_1_1_A_2_1_tmp_2_2__lp3_n_1_f,757.9486694335938
gesummv,A_1_2_tmp_1_1_y_1_1_B_1_2_A_2_8_x_1_8_B_2_8__lp2_n_8_f,300.8627014160156
syrk,C_1_1_C_2_2_A_1_2_A_2_16__lp5_n_16_f,290.1900329589844
k3mm,E_2_1_F_2_2_B_2_1_D_2_1_B_1_8_D_1_8_A_2_8_C_2_8_F_1_4__lp3_n_8_f,306.4207458496094
k2mm,tmp_1_2_C_2_2_D_2_2_tmp_2_4_C_1_4__lp6_n_4_f,345.95538330078125
atax,A_1_2_A_2_16_x_1_2__lp2_n_2_f,410.7949523925781
k2mm,tmp_1_1_B_2_1_B_1_1_A_2_1_tmp_2_8__lp3_n_1_f,759.0560302734375
gesummv,A_1_1_tmp_1_4_y_1_4_B_1_1_A_2_16_x_1_16_B_2_16__lp2_n_16_f,279.91680908203125
gesummv,A_1_2_tmp_1_2_y_1_16_B_1_2_A_2_1_x_1_1_B_2_1__lp2_n_1_f,583.70947265625
gemm,C_1_1_C_2_4_B_2_2_B_1_2_A_2_2__lp5_n_2_f,510.1946716308594
k3mm,E_2_4_F_2_2_B_2_1_D_2_1_B_1_4_D_1_4_A_2_4_C_2_4_F_1_4__lp3_n_4_f,346.0046691894531
k3mm,E_2_64_F_2_2_B_2_1_D_2_1_B_1_4_D_1_4_A_2_4_C_2_4_F_1_64__lp3_n_4_f,337.2372741699219
k2mm,tmp_1_1_B_2_1_B_1_2_A_2_2_tmp_2_8__lp3_n_2_f,509.8255310058594
syr2k,C_1_1_C_2_4_A_1_2_B_1_2_A_2_8_B_2_8__lp5_n_8_f,352.57403564453125
gemm,C_1_1_C_2_8_B_2_1_B_1_16_A_2_16__lp5_n_16_f,288.6708984375
syrk,C_1_1_C_2_2__lp2_n_8_f,163.2277374267578
gesummv,A_1_1_tmp_1_16_y_1_1_B_1_1_A_2_4_x_1_4_B_2_4__lp2_n_4_f,339.3103332519531
syrk,C_1_1_C_2_64_A_1_1_A_2_2__lp5_n_2_f,503.3147277832031
syrk,C_1_2_C_2_1__lp2_n_1_f,376.1138000488281
bicg,A_1_2_A_2_16_s_1_2__lp2_n_2_f,306.75128173828125
syr2k,C_1_2_C_2_16_A_1_2_B_1_2_A_2_1_B_2_1__lp5_n_1_f,1000.67919921875
k3mm,E_2_1_F_2_1_G_2_2_F_1_4__lp6_n_4_f,338.4208679199219
syr2k,C_1_1_C_2_64_A_1_1_B_1_1_A_2_8_B_2_8__lp5_n_8_f,350.14239501953125
syr2k,C_1_1_C_2_4_A_1_1_B_1_1_A_2_8_B_2_8__lp5_n_8_f,355.05145263671875
gesummv,tmp_1_2_y_1_16__lp3_n_16_f,78.23240661621094
k2mm,tmp_1_1_B_2_1_B_1_16_A_2_16_tmp_2_16__lp3_n_16_f,288.1235656738281
syrk,C_1_1_C_2_8__lp2_n_8_f,177.5760955810547
syr2k,C_1_2_C_2_8_A_1_1_B_1_1_A_2_1_B_2_1__lp5_n_1_f,1006.1149291992188
gemm,C_1_1_C_2_2__lp2_n_1_f,376.11383056640625
gemm,C_1_2_C_2_1_B_2_2_B_1_16_A_2_16__lp5_n_16_f,288.19683837890625
k3mm,E_2_2_F_2_2_B_2_2_D_2_2_B_1_2_D_1_2_A_2_2_C_2_2_F_1_8__lp3_n_2_f,424.5210266113281
syr2k,C_1_1_C_2_16_A_1_1_B_1_1_A_2_8_B_2_8__lp5_n_8_f,352.8163757324219
atax,A_1_2_A_2_64_y_1_16__lp4_n_16_f,26.248830795288086
syrk,C_1_2_C_2_64_A_1_2_A_2_16__lp5_n_16_f,287.2792053222656
k2mm,tmp_1_1_C_2_2_D_2_2_tmp_2_2_C_1_2__lp6_n_2_f,428.94573974609375
k3mm,E_2_2_F_2_2_B_2_2_D_2_2_B_1_1_D_1_1_A_2_1_C_2_1_F_1_2__lp3_n_1_f,582.549072265625
atax,A_1_1_A_2_8_x_1_8__lp2_n_8_f,294.4038391113281
atax,A_1_2_A_2_4_x_1_8__lp2_n_8_f,294.4038391113281
gemm,C_1_1_C_2_2__lp2_n_8_f,163.2277374267578
syrk,C_1_1_C_2_2_A_1_1_A_2_2__lp5_n_2_f,511.6961364746094
syrk,C_1_2_C_2_4_A_1_2_A_2_8__lp5_n_8_f,319.7215270996094
k2mm,tmp_1_2_B_2_2_B_1_2_A_2_2_tmp_2_64__lp3_n_2_f,483.6700134277344
gemm,C_1_2_C_2_2__lp2_n_8_f,168.01052856445312
syr2k,C_1_2_C_2_1__lp2_n_8_f,163.2277374267578
syrk,C_1_1_C_2_64_A_1_2_A_2_2__lp5_n_2_f,502.836669921875
gemm,C_1_2_C_2_4_B_2_1_B_1_2_A_2_2__lp5_n_2_f,509.8255310058594
syr2k,C_1_2_C_2_16_A_1_1_B_1_1_A_2_2_B_2_2__lp5_n_2_f,631.9738159179688
bicg,A_1_1_A_2_16_p_1_8__lp4_n_8_f,291.01336669921875
gesummv,A_1_1_tmp_1_16_y_1_1_B_1_1_A_2_2_x_1_2_B_2_2__lp2_n_2_f,414.4004211425781
bicg,A_1_1_A_2_8_s_1_4__lp2_n_4_f,166.1381072998047
syr2k,C_1_1_C_2_16_A_1_1_B_1_1_A_2_2_B_2_2__lp5_n_2_f,635.5149536132812
k3mm,E_2_2_F_2_1_B_2_1_D_2_1_B_1_8_D_1_8_A_2_8_C_2_8_F_1_2__lp3_n_8_f,306.5986633300781
bicg,A_1_1_A_2_2_p_1_2__lp4_n_2_f,425.53125
k3mm,E_2_2_F_2_1_B_2_2_D_2_2_B_1_2_D_1_2_A_2_2_C_2_2_F_1_8__lp3_n_2_f,425.219482421875
k3mm,E_2_4_F_2_2_B_2_2_D_2_2_B_1_8_D_1_8_A_2_8_C_2_8_F_1_4__lp3_n_8_f,305.85711669921875
k2mm,tmp_1_4_B_2_4_B_1_8_A_2_8_tmp_2_16__lp3_n_8_f,315.7864685058594
syr2k,C_1_2_C_2_4_A_1_2_B_1_2_A_2_8_B_2_8__lp5_n_8_f,352.3316345214844
bicg,A_1_1_A_2_8_s_1_8__lp2_n_8_f,87.61100006103516
atax,A_1_1_A_2_64_x_1_8__lp2_n_8_f,288.32098388671875
atax,A_1_1_A_2_8_y_1_16__lp4_n_16_f,57.00442123413086
atax,A_1_2_A_2_4_y_1_2__lp4_n_2_f,320.5318603515625
gemm,C_1_1_C_2_1_B_2_2_B_1_8_A_2_8__lp5_n_8_f,319.0618591308594
syrk,C_1_2_C_2_1__lp2_n_2_f,231.9477996826172
atax,A_1_2_A_2_8_x_1_1__lp2_n_1_f,598.32470703125
bicg,A_1_2_A_2_16_s_1_1__lp2_n_1_f,618.3377075195312
syrk,C_1_2_C_2_2_A_1_2_A_2_4__lp5_n_4_f,386.2630310058594
atax,A_1_2_A_2_64_x_1_4__lp2_n_4_f,307.6520080566406
atax,A_1_2_A_2_1_y_1_4__lp4_n_4_f,188.81378173828125
bicg,A_1_2_A_2_4_s_1_1__lp2_n_1_f,619.9168701171875
syrk,C_1_2_C_2_64_A_1_2_A_2_2__lp5_n_2_f,487.7021484375
syrk,C_1_1_C_2_1__lp2_n_8_f,160.83636474609375
atax,A_1_2_A_2_2_x_1_2__lp2_n_2_f,411.52459716796875
k2mm,tmp_1_1_B_2_1_B_1_1_A_2_1_tmp_2_1__lp3_n_1_f,750.9730224609375
k2mm,tmp_1_4_B_2_4_B_1_16_A_2_16_tmp_2_16__lp3_n_16_f,287.2168884277344
syr2k,C_1_2_C_2_16_A_1_2_B_1_2_A_2_2_B_2_2__lp5_n_2_f,631.0177001953125
gesummv,A_1_1_tmp_1_8_y_1_1_B_1_1_A_2_1_x_1_1_B_2_1__lp2_n_1_f,578.0515747070312
atax,A_1_2_A_2_4_y_1_8__lp4_n_8_f,87.61100006103516
k3mm,E_2_8_F_2_2_B_2_2_D_2_2_B_1_4_D_1_4_A_2_4_C_2_4_F_1_8__lp3_n_4_f,344.9226379394531
k3mm,E_2_8_F_2_1_B_2_2_D_2_2_B_1_2_D_1_2_A_2_2_C_2_2_F_1_8__lp3_n_2_f,424.8411560058594
bicg,A_1_2_A_2_16_p_1_4__lp4_n_4_f,324.5424499511719
syrk,C_1_1_C_2_16_A_1_1_A_2_1__lp5_n_1_f,763.102783203125
k3mm,E_2_1_F_2_2_B_2_1_D_2_1_B_1_1_D_1_1_A_2_1_C_2_1_F_1_1__lp3_n_1_f,584.2649536132812
syr2k,C_1_2_C_2_2__lp2_n_1_f,398.6334228515625
k2mm,tmp_1_4_B_2_4_B_1_4_A_2_4_tmp_2_2__lp3_n_4_f,382.45452880859375
atax,A_1_2_A_2_8_x_1_2__lp2_n_2_f,406.43731689453125
k3mm,E_2_4_F_2_2_B_2_1_D_2_1_B_1_8_D_1_8_A_2_8_C_2_8_F_1_4__lp3_n_8_f,306.31402587890625
gemm,C_1_2_C_2_16_B_2_1_B_1_1_A_2_1__lp5_n_1_f,750.8097534179688
k3mm,E_2_64_F_2_2_B_2_2_D_2_2_B_1_8_D_1_8_A_2_8_C_2_8_F_1_64__lp3_n_8_f,301.0813903808594
syrk,C_1_2_C_2_64_A_1_2_A_2_4__lp5_n_4_f,371.89202880859375
gemm,C_1_2_C_2_64_B_2_2_B_1_8_A_2_8__lp5_n_8_f,313.37060546875
syrk,C_1_1_C_2_16_A_1_1_A_2_4__lp5_n_4_f,385.38653564453125
k3mm,E_2_1_F_2_2_G_2_2_F_1_8__lp6_n_8_f,298.3849182128906
bicg,A_1_2_A_2_64_p_1_2__lp4_n_2_f,388.1229553222656
k2mm,tmp_1_2_B_2_2_B_1_1_A_2_1_tmp_2_1__lp3_n_1_f,760.80517578125
gesummv,A_1_1_tmp_1_1_y_1_1_B_1_1_A_2_2_x_1_2_B_2_2__lp2_n_2_f,415.0696716308594
k3mm,E_2_2_F_2_2_B_2_2_D_2_2_B_1_4_D_1_4_A_2_4_C_2_4_F_1_2__lp3_n_4_f,345.89642333984375
k3mm,E_2_1_F_2_1_B_2_1_D_2_1_B_1_8_D_1_8_A_2_8_C_2_8_F_1_4__lp3_n_8_f,306.5631103515625
gesummv,A_1_2_tmp_1_16_y_1_16_B_1_2_A_2_8_x_1_8_B_2_8__lp2_n_8_f,299.7008972167969
bicg,A_1_1_A_2_64_p_1_2__lp4_n_2_f,404.55548095703125
k3mm,E_2_1_F_2_1_B_2_1_D_2_1_B_1_4_D_1_4_A_2_4_C_2_4_F_1_2__lp3_n_4_f,346.4915466308594
k3mm,E_2_1_F_2_2_B_2_1_D_2_1_B_1_8_D_1_8_A_2_8_C_2_8_F_1_8__lp3_n_8_f,306.1546936035156
k2mm,tmp_1_4_B_2_4_B_1_4_A_2_4_tmp_2_8__lp3_n_4_f,379.6902160644531
bicg,A_1_2_A_2_8_s_1_16__lp2_n_16_f,44.47081756591797
syr2k,C_1_1_C_2_64_A_1_2_B_1_2_A_2_4_B_2_4__lp5_n_4_f,440.0785827636719
syr2k,C_1_2_C_2_1_A_1_1_B_1_1_A_2_4_B_2_4__lp5_n_4_f,453.5844421386719
k2mm,tmp_1_2_C_2_2_D_2_2_tmp_2_1_C_1_1__lp6_n_1_f,604.7534790039062
bicg,A_1_1_A_2_64_p_1_1__lp4_n_1_f,576.666259765625
k3mm,E_2_1_F_2_2_B_2_1_D_2_1_B_1_2_D_1_2_A_2_2_C_2_2_F_1_64__lp3_n_2_f,414.0719299316406
k2mm,tmp_1_2_B_2_2_B_1_8_A_2_8_tmp_2_64__lp3_n_8_f,313.37060546875
gesummv,A_1_1_tmp_1_1_y_1_4_B_1_1_A_2_4_x_1_4_B_2_4__lp2_n_4_f,340.39752197265625
k2mm,tmp_1_1_B_2_1_B_1_8_A_2_8_tmp_2_1__lp3_n_8_f,320.3448791503906
syrk,C_1_2_C_2_4_A_1_2_A_2_4__lp5_n_4_f,385.82476806640625
k3mm,E_2_1_F_2_1_B_2_1_D_2_1_B_1_1_D_1_1_A_2_1_C_2_1_F_1_2__lp3_n_1_f,584.2649536132812
k2mm,tmp_1_4_C_2_4_D_2_4_tmp_2_4_C_1_4__lp6_n_4_f,347.8209228515625
atax,A_1_1_A_2_2_y_1_16__lp4_n_16_f,65.5701904296875
gesummv,A_1_1_tmp_1_1_y_1_2_B_1_1_A_2_8_x_1_8_B_2_8__lp2_n_8_f,301.443603515625
atax,A_1_2_A_2_16_y_1_16__lp4_n_16_f,39.515708923339844
syrk,C_1_2_C_2_4_A_1_1_A_2_16__lp5_n_16_f,291.14178466796875
syrk,C_1_2_C_2_1_A_1_1_A_2_1__lp5_n_1_f,754.8408203125
k3mm,E_2_2_F_2_1_B_2_2_D_2_2_B_1_1_D_1_1_A_2_1_C_2_1_F_1_1__lp3_n_1_f,583.57861328125
gemm,C_1_2_C_2_1_B_2_2_B_1_1_A_2_1__lp5_n_1_f,760.8051147460938
atax,A_1_1_A_2_2_x_1_2__lp2_n_2_f,425.53125
bicg,A_1_2_A_2_2_s_1_4__lp2_n_4_f,177.97154235839844
gesummv,A_1_1_tmp_1_1_y_1_2_B_1_1_A_2_16_x_1_16_B_2_16__lp2_n_16_f,279.24365234375
atax,A_1_1_A_2_16_x_1_16__lp2_n_16_f,273.3600158691406
gesummv,tmp_1_16_y_1_16__lp3_n_16_f,48.59462356567383
k2mm,tmp_1_2_B_2_2_B_1_4_A_2_4_tmp_2_2__lp3_n_4_f,383.76934814453125
k3mm,E_2_8_F_2_2_B_2_1_D_2_1_B_1_1_D_1_1_A_2_1_C_2_1_F_1_8__lp3_n_1_f,579.886474609375
gesummv,A_1_2_tmp_1_1_y_1_1_B_1_2_A_2_16_x_1_16_B_2_16__lp2_n_16_f,279.7789306640625
k3mm,E_2_64_F_2_1_B_2_1_D_2_1_B_1_1_D_1_1_A_2_1_C_2_1_F_1_64__lp3_n_1_f,551.3135375976562
k2mm,tmp_1_4_C_2_2_D_2_2_tmp_2_8_C_1_8__lp6_n_8_f,302.47589111328125
k2mm,tmp_1_2_B_2_2_B_1_16_A_2_16_tmp_2_1__lp3_n_16_f,288.19683837890625
gesummv,A_1_1_tmp_1_1_y_1_8_B_1_1_A_2_16_x_1_16_B_2_16__lp2_n_16_f,280.0514221191406
gemm,C_1_1_C_2_1__lp2_n_4_f,186.00416564941406
gesummv,A_1_2_tmp_1_8_y_1_8_B_1_2_A_2_4_x_1_4_B_2_4__lp2_n_4_f,338.67620849609375
syrk,C_1_2_C_2_1__lp2_n_16_f,149.4642333984375
gemm,C_1_1_C_2_4_B_2_2_B_1_16_A_2_16__lp5_n_16_f,288.38690185546875
k3mm,E_2_1_F_2_1_G_2_1_F_1_4__lp6_n_4_f,340.96783447265625
k3mm,E_2_2_F_2_2_B_2_2_D_2_2_B_1_8_D_1_8_A_2_8_C_2_8_F_1_2__lp3_n_8_f,306.0193786621094
syrk,C_1_1_C_2_8_A_1_2_A_2_8__lp5_n_8_f,319.7215270996094
atax,A_1_2_A_2_8_x_1_8__lp2_n_8_f,291.01336669921875
atax,A_1_1_A_2_16_x_1_2__lp2_n_2_f,406.43731689453125
k3mm,E_2_64_F_2_1_B_2_2_D_2_2_B_1_1_D_1_1_A_2_1_C_2_1_F_1_64__lp3_n_1_f,549.3383178710938
syrk,C_1_2_C_2_16_A_1_1_A_2_16__lp5_n_16_f,288.635498046875
syrk,C_1_1_C_2_4_A_1_1_A_2_1__lp5_n_1_f,764.2096557617188
gesummv,A_1_1_tmp_1_16_y_1_16_B_1_1_A_2_2_x_1_2_B_2_2__lp2_n_2_f,413.9539794921875
gesummv,A_1_1_tmp_1_1_y_1_8_B_1_1_A_2_4_x_1_4_B_2_4__lp2_n_4_f,340.03509521484375
syrk,C_1_1_C_2_2__lp2_n_4_f,190.78956604003906
k3mm,E_2_2_F_2_2_B_2_2_D_2_2_B_1_2_D_1_2_A_2_2_C_2_2_F_1_64__lp3_n_2_f,413.6229553222656
syrk,C_1_2_C_2_16_A_1_1_A_2_2__lp5_n_2_f,509.72186279296875
syrk,C_1_2_C_2_64_A_1_1_A_2_8__lp5_n_8_f,315.18548583984375
syr2k,C_1_2_C_2_64_A_1_1_B_1_1_A_2_4_B_2_4__lp5_n_4_f,433.43743896484375
syr2k,C_1_1_C_2_4_A_1_1_B_1_1_A_2_16_B_2_16__lp5_n_16_f,308.7328186035156
gemm,C_1_1_C_2_64_B_2_1_B_1_1_A_2_1__lp5_n_1_f,740.9241943359375
bicg,A_1_2_A_2_64_s_1_16__lp2_n_16_f,26.24883270263672
k3mm,E_2_8_F_2_2_B_2_1_D_2_1_B_1_4_D_1_4_A_2_4_C_2_4_F_1_8__lp3_n_4_f,345.35546875
k3mm,E_2_8_F_2_1_B_2_1_D_2_1_B_1_1_D_1_1_A_2_1_C_2_1_F_1_8__lp3_n_1_f,580.18603515625
k3mm,E_2_2_F_2_2_B_2_1_D_2_1_B_1_2_D_1_2_A_2_2_C_2_2_F_1_2__lp3_n_2_f,426.3616638183594
atax,A_1_1_A_2_64_y_1_4__lp4_n_4_f,141.74769592285156
k3mm,E_2_2_F_2_2_G_2_2_F_1_8__lp6_n_8_f,298.3947448730469
gemm,C_1_2_C_2_64_B_2_2_B_1_16_A_2_16__lp5_n_16_f,286.3207702636719
syrk,C_1_1_C_2_2_A_1_2_A_2_1__lp5_n_1_f,759.52978515625
syrk,C_1_1_C_2_2_A_1_1_A_2_4__lp5_n_4_f,388.09033203125
syr2k,C_1_2_C_2_2_A_1_2_B_1_2_A_2_2_B_2_2__lp5_n_2_f,636.9700317382812
syrk,C_1_1_C_2_2__lp2_n_1_f,376.11383056640625
syrk,C_1_1_C_2_4_A_1_2_A_2_4__lp5_n_4_f,386.2629699707031
syr2k,C_1_1_C_2_8_A_1_1_B_1_1_A_2_8_B_2_8__lp5_n_8_f,354.25836181640625
syr2k,C_1_1_C_2_1_A_1_1_B_1_1_A_2_4_B_2_4__lp5_n_4_f,453.9809875488281
gemm,C_1_1_C_2_16_B_2_1_B_1_8_A_2_8__lp5_n_8_f,319.4102478027344
bicg,A_1_1_A_2_64_p_1_16__lp4_n_16_f,270.6659240722656
atax,A_1_1_A_2_4_y_1_4__lp4_n_4_f,177.97154235839844
gesummv,A_1_1_tmp_1_8_y_1_8_B_1_1_A_2_1_x_1_1_B_2_1__lp2_n_1_f,582.609130859375
bicg,A_1_2_A_2_4_p_1_2__lp4_n_2_f,404.2585754394531
k3mm,E_2_1_F_2_2_B_2_1_D_2_1_B_1_1_D_1_1_A_2_1_C_2_1_F_1_64__lp3_n_1_f,550.3259887695312
gesummv,tmp_1_1_y_1_1__lp3_n_4_f,201.5580291748047
k2mm,tmp_1_4_B_2_4_B_1_8_A_2_8_tmp_2_4__lp3_n_8_f,318.20233154296875
bicg,A_1_2_A_2_8_p_1_2__lp4_n_2_f,406.43731689453125
bicg,A_1_1_A_2_16_p_1_1__lp4_n_1_f,598.32470703125
k2mm,tmp_1_2_B_2_2_B_1_1_A_2_1_tmp_2_64__lp3_n_1_f,713.5723266601562
syrk,C_1_2_C_2_1_A_1_1_A_2_2__lp5_n_2_f,511.6961364746094
syrk,C_1_1_C_2_64_A_1_2_A_2_16__lp5_n_16_f,289.07135009765625
gemm,C_1_1_C_2_16_B_2_2_B_1_8_A_2_8__lp5_n_8_f,319.00762939453125
k3mm,E_2_1_F_2_2_B_2_1_D_2_1_B_1_4_D_1_4_A_2_4_C_2_4_F_1_8__lp3_n_4_f,345.7341613769531
gemm,C_1_2_C_2_16_B_2_2_B_1_16_A_2_16__lp5_n_16_f,289.009033203125
gesummv,A_1_2_tmp_1_4_y_1_4_B_1_2_A_2_4_x_1_4_B_2_4__lp2_n_4_f,339.4009094238281
gesummv,A_1_1_tmp_1_8_y_1_8_B_1_1_A_2_4_x_1_4_B_2_4__lp2_n_4_f,339.40093994140625
gesummv,A_1_1_tmp_1_1_y_1_2_B_1_1_A_2_1_x_1_1_B_2_1__lp2_n_1_f,572.6705322265625
bicg,A_1_2_A_2_4_p_1_4__lp4_n_4_f,329.00555419921875
syrk,C_1_2_C_2_8_A_1_2_A_2_8__lp5_n_8_f,320.41986083984375
syrk,C_1_1_C_2_1__lp2_n_2_f,216.78744506835938
gesummv,A_1_2_tmp_1_1_y_1_2_B_1_2_A_2_1_x_1_1_B_2_1__lp2_n_1_f,574.4390258789062
gesummv,A_1_1_tmp_1_4_y_1_4_B_1_1_A_2_4_x_1_4_B_2_4__lp2_n_4_f,340.125732421875
k3mm,E_2_4_F_2_1_B_2_1_D_2_1_B_1_4_D_1_4_A_2_4_C_2_4_F_1_4__lp3_n_4_f,346.2210693359375
gesummv,A_1_2_tmp_1_2_y_1_8_B_1_2_A_2_2_x_1_2_B_2_2__lp2_n_2_f,414.5343322753906
atax,A_1_1_A_2_16_x_1_4__lp2_n_4_f,327.0884094238281
gemm,C_1_1_C_2_1_B_2_2_B_1_1_A_2_1__lp5_n_1_f,756.1253051757812
gemm,C_1_1_C_2_8_B_2_2_B_1_16_A_2_16__lp5_n_16_f,288.76702880859375
k3mm,E_2_1_F_2_2_B_2_1_D_2_1_B_1_8_D_1_8_A_2_8_C_2_8_F_1_64__lp3_n_8_f,303.1251220703125
gemm,C_1_2_C_2_4_B_2_1_B_1_1_A_2_1__lp5_n_1_f,759.0560302734375
syr2k,C_1_2_C_2_16_A_1_2_B_1_2_A_2_16_B_2_16__lp5_n_16_f,305.758544921875
gesummv,A_1_1_tmp_1_16_y_1_1_B_1_1_A_2_1_x_1_1_B_2_1__lp2_n_1_f,582.8640747070312
k2mm,tmp_1_1_B_2_1_B_1_16_A_2_16_tmp_2_8__lp3_n_16_f,288.6708984375
syr2k,C_1_2_C_2_16_A_1_2_B_1_2_A_2_8_B_2_8__lp5_n_8_f,350.8773498535156
k2mm,tmp_1_4_B_2_4_B_1_2_A_2_2_tmp_2_8__lp3_n_2_f,504.8595886230469
bicg,A_1_2_A_2_16_p_1_16__lp4_n_16_f,271.385498046875
k3mm,E_2_1_F_2_2_B_2_2_D_2_2_B_1_8_D_1_8_A_2_8_C_2_8_F_1_1__lp3_n_8_f,306.1005859375
gesummv,A_1_1_tmp_1_16_y_1_16_B_1_1_A_2_16_x_1_16_B_2_16__lp2_n_16_f,279.817626953125
syr2k,C_1_1_C_2_4_A_1_2_B_1_2_A_2_1_B_2_1__lp5_n_1_f,1009.2960815429688
atax,A_1_1_A_2_2_y_1_2__lp4_n_2_f,340.5331115722656
gesummv,A_1_1_tmp_1_2_y_1_1_B_1_1_A_2_1_x_1_1_B_2_1__lp2_n_1_f,572.6705322265625
gesummv,A_1_2_tmp_1_4_y_1_4_B_1_2_A_2_16_x_1_16_B_2_16__lp2_n_16_f,279.6627502441406
syrk,C_1_1_C_2_8_A_1_2_A_2_1__lp5_n_1_f,765.6868286132812
gesummv,A_1_2_tmp_1_8_y_1_8_B_1_2_A_2_8_x_1_8_B_2_8__lp2_n_8_f,300.3204650878906
syrk,C_1_1_C_2_4_A_1_1_A_2_16__lp5_n_16_f,291.19842529296875
gemm,C_1_2_C_2_8_B_2_2_B_1_16_A_2_16__lp5_n_16_f,289.45709228515625
gesummv,A_1_2_tmp_1_8_y_1_8_B_1_2_A_2_2_x_1_2_B_2_2__lp2_n_2_f,414.26666259765625
syrk,C_1_2_C_2_4_A_1_2_A_2_16__lp5_n_16_f,289.3158264160156
bicg,A_1_1_A_2_64_s_1_2__lp2_n_2_f,294.03118896484375
bicg,A_1_2_A_2_2_s_1_16__lp2_n_16_f,62.714942932128906
k3mm,E_2_4_F_2_1_B_2_1_D_2_1_B_1_8_D_1_8_A_2_8_C_2_8_F_1_4__lp3_n_8_f,306.456298828125
syrk,C_1_2_C_2_16_A_1_2_A_2_4__lp5_n_4_f,383.18408203125
gesummv,A_1_1_tmp_1_1_y_1_16_B_1_1_A_2_1_x_1_1_B_2_1__lp2_n_1_f,582.8640747070312
syr2k,C_1_2_C_2_16__lp2_n_16_f,320.3282470703125
k3mm,E_2_1_F_2_1_B_2_1_D_2_1_B_1_4_D_1_4_A_2_4_C_2_4_F_1_8__lp3_n_4_f,346.1669616699219
gesummv,A_1_1_tmp_1_4_y_1_1_B_1_1_A_2_1_x_1_1_B_2_1__lp2_n_1_f,574.4390258789062
k3mm,E_2_2_F_2_1_B_2_2_D_2_2_B_1_4_D_1_4_A_2_4_C_2_4_F_1_2__lp3_n_4_f,346.0046691894531
bicg,A_1_1_A_2_8_p_1_16__lp4_n_16_f,275.1201171875
k3mm,E_2_2_F_2_2_G_2_1_F_1_4__lp6_n_4_f,335.00494384765625
syr2k,C_1_1_C_2_1_A_1_1_B_1_1_A_2_1_B_2_1__lp5_n_1_f,1006.1492919921875
gesummv,A_1_2_tmp_1_2_y_1_1_B_1_2_A_2_4_x_1_4_B_2_4__lp2_n_4_f,339.8539123535156
syrk,C_1_2_C_2_1__lp2_n_4_f,190.78956604003906
gemm,C_1_1_C_2_1_B_2_1_B_1_1_A_2_1__lp5_n_1_f,750.9729614257812
k3mm,E_2_1_F_2_1_G_2_1_F_1_1__lp6_n_1_f,582.0852661132812
syrk,C_1_1_C_2_8_A_1_2_A_2_16__lp5_n_16_f,289.3158264160156
gemm,C_1_1_C_2_8_B_2_2_B_1_4_A_2_4__lp5_n_4_f,383.3310852050781
k3mm,E_2_2_F_2_1_B_2_2_D_2_2_B_1_8_D_1_8_A_2_8_C_2_8_F_1_64__lp3_n_8_f,304.3963928222656
gesummv,A_1_2_tmp_1_4_y_1_4_B_1_2_A_2_8_x_1_8_B_2_8__lp2_n_8_f,300.63031005859375
gemm,C_1_1_C_2_16_B_2_1_B_1_4_A_2_4__lp5_n_4_f,382.892822265625
atax,A_1_1_A_2_64_y_1_16__lp4_n_16_f,33.92849349975586
gesummv,A_1_1_tmp_1_4_y_1_4_B_1_1_A_2_2_x_1_2_B_2_2__lp2_n_2_f,414.802001953125
k3mm,E_2_64_F_2_2_B_2_2_D_2_2_B_1_2_D_1_2_A_2_2_C_2_2_F_1_64__lp3_n_2_f,392.5339050292969
syr2k,C_1_2_C_2_2_A_1_1_B_1_1_A_2_16_B_2_16__lp5_n_16_f,308.7328186035156
atax,A_1_1_A_2_1_x_1_4__lp2_n_4_f,330.43060302734375
k3mm,E_2_64_F_2_1_B_2_2_D_2_2_B_1_4_D_1_4_A_2_4_C_2_4_F_1_64__lp3_n_4_f,339.45123291015625
atax,A_1_1_A_2_2_y_1_1__lp4_n_1_f,630.3700561523438
atax,A_1_1_A_2_4_y_1_16__lp4_n_16_f,62.71493911743164
bicg,A_1_1_A_2_1_p_1_8__lp4_n_8_f,297.7861633300781
gesummv,A_1_2_tmp_1_2_y_1_1_B_1_2_A_2_2_x_1_2_B_2_2__lp2_n_2_f,414.84661865234375
atax,A_1_1_A_2_2_x_1_16__lp2_n_16_f,276.4892883300781
syrk,C_1_2_C_2_16__lp2_n_16_f,320.3282470703125
gesummv,tmp_1_1_y_1_2__lp3_n_1_f,635.3134155273438
bicg,A_1_2_A_2_2_s_1_8__lp2_n_8_f,98.64217376708984
k2mm,tmp_1_2_C_2_1_D_2_1_tmp_2_2_C_1_2__lp6_n_2_f,428.16973876953125
bicg,A_1_1_A_2_1_p_1_2__lp4_n_2_f,433.3955993652344
syr2k,C_1_1_C_2_64_A_1_1_B_1_1_A_2_2_B_2_2__lp5_n_2_f,624.3248291015625
k2mm,tmp_1_4_B_2_4_B_1_1_A_2_1_tmp_2_16__lp3_n_1_f,739.6907348632812
bicg,A_1_1_A_2_2_p_1_8__lp4_n_8_f,297.2701721191406
k3mm,E_2_2_F_2_2_B_2_2_D_2_2_B_1_4_D_1_4_A_2_4_C_2_4_F_1_1__lp3_n_4_f,346.0046691894531
syr2k,C_1_2_C_2_2__lp2_n_16_f,151.85562133789062
k2mm,tmp_1_1_C_2_2_D_2_2_tmp_2_16_C_1_16__lp6_n_16_f,273.6976318359375
gemm,C_1_2_C_2_2__lp2_n_4_f,200.8452911376953
atax,A_1_1_A_2_64_x_1_4__lp2_n_4_f,320.5976867675781
atax,A_1_1_A_2_4_y_1_1__lp4_n_1_f,612.6431884765625
gemm,C_1_1_C_2_2_B_2_2_B_1_2_A_2_2__lp5_n_2_f,510.5638122558594
gesummv,A_1_1_tmp_1_8_y_1_8_B_1_1_A_2_16_x_1_16_B_2_16__lp2_n_16_f,280.1274108886719
k3mm,E_2_1_F_2_2_B_2_1_D_2_1_B_1_8_D_1_8_A_2_8_C_2_8_F_1_1__lp3_n_8_f,306.63421630859375
bicg,A_1_2_A_2_64_s_1_4__lp2_n_4_f,124.79773712158203
syr2k,C_1_1_C_2_1_A_1_1_B_1_1_A_2_16_B_2_16__lp5_n_16_f,308.7541198730469
syr2k,C_1_2_C_2_64_A_1_2_B_1_2_A_2_8_B_2_8__lp5_n_8_f,346.72247314453125
syrk,C_1_2_C_2_2_A_1_2_A_2_16__lp5_n_16_f,289.8986511230469
gemm,C_1_2_C_2_8_B_2_1_B_1_16_A_2_16__lp5_n_16_f,288.1235656738281
syr2k,C_1_2_C_2_64_A_1_1_B_1_1_A_2_2_B_2_2__lp5_n_2_f,609.0272216796875
syrk,C_1_1_C_2_2_A_1_2_A_2_8__lp5_n_8_f,320.97906494140625
atax,A_1_2_A_2_1_x_1_2__lp2_n_2_f,425.53125
k2mm,tmp_1_2_B_2_2_B_1_16_A_2_16_tmp_2_8__lp3_n_16_f,289.45709228515625
syr2k,C_1_2_C_2_64_A_1_1_B_1_1_A_2_16_B_2_16__lp5_n_16_f,304.3905334472656
k3mm,E_2_2_F_2_1_B_2_2_D_2_2_B_1_1_D_1_1_A_2_1_C_2_1_F_1_8__lp3_n_1_f,581.1763916015625
syrk,C_1_1_C_2_4_A_1_2_A_2_1__lp5_n_1_f,767.1634521484375
k3mm,E_2_8_F_2_1_G_2_2_F_1_8__lp6_n_8_f,298.3753967285156
atax,A_1_1_A_2_1_y_1_2__lp4_n_2_f,346.65380859375
atax,A_1_1_A_2_1_x_1_16__lp2_n_16_f,276.23028564453125
gemm,C_1_1_C_2_1_B_2_2_B_1_2_A_2_2__lp5_n_2_f,510.7484436035156
gemm,C_1_1_C_2_8_B_2_1_B_1_2_A_2_2__lp5_n_2_f,509.8255310058594
gesummv,A_1_2_tmp_1_2_y_1_1_B_1_2_A_2_1_x_1_1_B_2_1__lp2_n_1_f,574.43896484375
syrk,C_1_2_C_2_8_A_1_1_A_2_2__lp5_n_2_f,512.054443359375
k3mm,E_2_2_F_2_1_B_2_2_D_2_2_B_1_8_D_1_8_A_2_8_C_2_8_F_1_2__lp3_n_8_f,306.0735168457031
gemm,C_1_2_C_2_1__lp2_n_8_f,163.2277374267578
atax,A_1_1_A_2_1_x_1_1__lp2_n_1_f,622.606201171875
syr2k,C_1_1_C_2_1__lp2_n_1_f,307.4858093261719
bicg,A_1_1_A_2_16_s_1_4__lp2_n_4_f,162.06683349609375
bicg,A_1_1_A_2_64_s_1_1__lp2_n_1_f,604.3662719726562
syr2k,C_1_1_C_2_1__lp2_n_4_f,186.00416564941406
k3mm,E_2_2_F_2_2_G_2_2_F_1_1__lp6_n_1_f,600.6132202148438
bicg,A_1_2_A_2_4_p_1_8__lp4_n_8_f,294.4038391113281
gesummv,A_1_2_tmp_1_16_y_1_2_B_1_2_A_2_4_x_1_4_B_2_4__lp2_n_4_f,338.49493408203125
gesummv,A_1_2_tmp_1_2_y_1_16_B_1_2_A_2_2_x_1_2_B_2_2__lp2_n_2_f,414.1773986816406
gemm,C_1_1_C_2_1__lp2_n_16_f,148.26852416992188
bicg,A_1_1_A_2_2_s_1_8__lp2_n_8_f,104.21940612792969
k2mm,tmp_1_4_B_2_4_B_1_8_A_2_8_tmp_2_8__lp3_n_8_f,317.3970031738281
gemm,C_1_1_C_2_64_B_2_2_B_1_8_A_2_8__lp5_n_8_f,316.5917663574219
syrk,C_1_2_C_2_4_A_1_2_A_2_2__lp5_n_2_f,513.1611328125
syr2k,C_1_1_C_2_64_A_1_2_B_1_2_A_2_2_B_2_2__lp5_n_2_f,623.3687744140625
syrk,C_1_1_C_2_2__lp2_n_16_f,149.4642333984375
bicg,A_1_1_A_2_1_s_1_2__lp2_n_2_f,346.65380859375
atax,A_1_1_A_2_8_x_1_4__lp2_n_4_f,329.00555419921875
syr2k,C_1_2_C_2_16_A_1_2_B_1_2_A_2_4_B_2_4__lp5_n_4_f,443.95672607421875
k3mm,E_2_4_F_2_2_B_2_2_D_2_2_B_1_2_D_1_2_A_2_2_C_2_2_F_1_4__lp3_n_2_f,425.1820068359375
gesummv,A_1_1_tmp_1_1_y_1_1_B_1_1_A_2_8_x_1_8_B_2_8__lp2_n_8_f,301.4823303222656
k2mm,tmp_1_1_B_2_1_B_1_16_A_2_16_tmp_2_2__lp3_n_16_f,289.6275939941406
gesummv,tmp_1_4_y_1_4__lp3_n_4_f,172.82369995117188
atax,A_1_2_A_2_16_y_1_8__lp4_n_8_f,77.15774536132812
k3mm,E_2_64_F_2_1_B_2_2_D_2_2_B_1_8_D_1_8_A_2_8_C_2_8_F_1_64__lp3_n_8_f,302.7193908691406
k2mm,tmp_1_2_C_2_2_D_2_2_tmp_2_2_C_1_2__lp6_n_2_f,429.5857238769531
bicg,A_1_2_A_2_2_p_1_2__lp4_n_2_f,411.52459716796875
atax,A_1_1_A_2_4_x_1_16__lp2_n_16_f,276.0125427246094
k2mm,tmp_1_1_B_2_1_B_1_1_A_2_1_tmp_2_64__lp3_n_1_f,740.9241943359375
atax,A_1_1_A_2_8_x_1_2__lp2_n_2_f,404.2585754394531
syrk,C_1_2_C_2_64_A_1_2_A_2_1__lp5_n_1_f,720.7606811523438
gemm,C_1_1_C_2_1_B_2_1_B_1_4_A_2_4__lp5_n_4_f,384.8021545410156
k2mm,tmp_1_1_C_2_2_D_2_2_tmp_2_8_C_1_8__lp6_n_8_f,302.8354187011719
gemm,C_1_2_C_2_2_B_2_2_B_1_8_A_2_8__lp5_n_8_f,319.611572265625
gemm,C_1_2_C_2_2__lp2_n_2_f,355.5160217285156
gesummv,A_1_2_tmp_1_4_y_1_2_B_1_2_A_2_1_x_1_1_B_2_1__lp2_n_1_f,577.1484375
syrk,C_1_1_C_2_8_A_1_2_A_2_2__lp5_n_2_f,513.1611938476562
gesummv,tmp_1_1_y_1_4__lp3_n_4_f,189.21701049804688
syr2k,C_1_2_C_2_1_A_1_2_B_1_2_A_2_8_B_2_8__lp5_n_8_f,352.6952209472656
syrk,C_1_1_C_2_16_A_1_1_A_2_8__lp5_n_8_f,319.7215270996094
k2mm,tmp_1_4_B_2_4_B_1_16_A_2_16_tmp_2_1__lp3_n_16_f,288.8970031738281
k3mm,E_2_1_F_2_1_B_2_2_D_2_2_B_1_8_D_1_8_A_2_8_C_2_8_F_1_1__lp3_n_8_f,306.1275939941406
syr2k,C_1_1_C_2_2_A_1_1_B_1_1_A_2_8_B_2_8__lp5_n_8_f,355.44805908203125
gemm,C_1_2_C_2_16_B_2_1_B_1_16_A_2_16__lp5_n_16_f,289.45709228515625
k3mm,E_2_1_F_2_1_G_2_1_F_1_8__lp6_n_8_f,301.53350830078125
syrk,C_1_2_C_2_4_A_1_2_A_2_1__lp5_n_1_f,765.6868286132812
gesummv,tmp_1_1_y_1_2__lp3_n_2_f,351.6748046875
gemm,C_1_1_C_2_4__lp2_n_4_f,200.8452911376953
gesummv,A_1_2_tmp_1_16_y_1_2_B_1_2_A_2_1_x_1_1_B_2_1__lp2_n_1_f,583.70947265625
k3mm,E_2_1_F_2_2_B_2_1_D_2_1_B_1_1_D_1_1_A_2_1_C_2_1_F_1_2__lp3_n_1_f,583.57861328125
gemm,C_1_2_C_2_1__lp2_n_1_f,376.11383056640625
syrk,C_1_1_C_2_16_A_1_2_A_2_8__lp5_n_8_f,320.41986083984375
syrk,C_1_2_C_2_8_A_1_2_A_2_2__lp5_n_2_f,511.7628173828125
gemm,C_1_1_C_2_16_B_2_2_B_1_4_A_2_4__lp5_n_4_f,382.45452880859375
syr2k,C_1_2_C_2_2_A_1_2_B_1_2_A_2_16_B_2_16__lp5_n_16_f,305.51318359375
k3mm,E_2_2_F_2_1_B_2_2_D_2_2_B_1_4_D_1_4_A_2_4_C_2_4_F_1_4__lp3_n_4_f,345.89642333984375
syr2k,C_1_1_C_2_1_A_1_2_B_1_2_A_2_1_B_2_1__lp5_n_1_f,1009.3966064453125
k3mm,E_2_4_F_2_1_G_2_2_F_1_4__lp6_n_4_f,334.8424377441406
gesummv,A_1_1_tmp_1_2_y_1_1_B_1_1_A_2_4_x_1_4_B_2_4__lp2_n_4_f,340.5786437988281
k3mm,E_2_1_F_2_2_G_2_1_F_1_1__lp6_n_1_f,588.1531982421875
k3mm,E_2_2_F_2_1_G_2_2_F_1_2__lp6_n_2_f,405.6147155761719
bicg,A_1_2_A_2_8_s_1_8__lp2_n_8_f,80.89459991455078
gemm,C_1_2_C_2_1__lp2_n_4_f,190.78956604003906
bicg,A_1_2_A_2_2_p_1_1__lp4_n_1_f,593.4954223632812
k2mm,tmp_1_2_C_2_2_D_2_2_tmp_2_8_C_1_8__lp6_n_8_f,302.9140319824219
k2mm,tmp_1_1_B_2_1_B_1_4_A_2_4_tmp_2_4__lp3_n_4_f,384.20751953125
k2mm,tmp_1_2_B_2_2_B_1_4_A_2_4_tmp_2_1__lp3_n_4_f,383.9884338378906
k2mm,tmp_1_2_B_2_2_B_1_4_A_2_4_tmp_2_4__lp3_n_4_f,383.3310852050781
syr2k,C_1_1_C_2_4_A_1_2_B_1_2_A_2_4_B_2_4__lp5_n_4_f,447.3500671386719
syr2k,C_1_1_C_2_1_A_1_2_B_1_2_A_2_2_B_2_2__lp5_n_2_f,637.5901489257812
k2mm,tmp_1_4_C_2_4_D_2_4_tmp_2_16_C_1_16__lp6_n_16_f,271.3836669921875
k2mm,tmp_1_2_B_2_2_B_1_2_A_2_2_tmp_2_1__lp3_n_2_f,510.5638122558594
gemm,C_1_1_C_2_1__lp2_n_8_f,160.83636474609375
atax,A_1_2_A_2_4_x_1_4__lp2_n_4_f,329.00555419921875
gesummv,A_1_1_tmp_1_1_y_1_2_B_1_1_A_2_2_x_1_2_B_2_2__lp2_n_2_f,415.0251159667969
syrk,C_1_2_C_2_16_A_1_1_A_2_8__lp5_n_8_f,320.0172424316406
k3mm,E_2_1_F_2_2_G_2_2_F_1_4__lp6_n_4_f,335.00494384765625
gesummv,A_1_1_tmp_1_1_y_1_1_B_1_1_A_2_16_x_1_16_B_2_16__lp2_n_16_f,279.1090393066406
syrk,C_1_1_C_2_1__lp2_n_1_f,307.4858093261719
syrk,C_1_2_C_2_2_A_1_1_A_2_1__lp5_n_1_f,764.2096557617188
atax,A_1_1_A_2_4_x_1_2__lp2_n_2_f,411.52459716796875
syrk,C_1_2_C_2_1_A_1_2_A_2_4__lp5_n_4_f,386.361328125
bicg,A_1_1_A_2_1_p_1_16__lp4_n_16_f,276.2303161621094
atax,A_1_1_A_2_16_y_1_2__lp4_n_2_f,316.0003662109375
k3mm,E_2_8_F_2_2_B_2_2_D_2_2_B_1_1_D_1_1_A_2_1_C_2_1_F_1_8__lp3_n_1_f,579.8114624023438
atax,A_1_1_A_2_4_y_1_2__lp4_n_2_f,328.1812744140625
gemm,C_1_1_C_2_2_B_2_2_B_1_1_A_2_1__lp5_n_1_f,760.8051147460938
k3mm,E_2_4_F_2_1_G_2_1_F_1_4__lp6_n_4_f,334.60186767578125
k2mm,tmp_1_2_B_2_2_B_1_4_A_2_4_tmp_2_64__lp3_n_4_f,369.33917236328125
gemm,C_1_1_C_2_4_B_2_1_B_1_8_A_2_8__lp5_n_8_f,318.2804260253906
syr2k,C_1_1_C_2_4_A_1_1_B_1_1_A_2_4_B_2_4__lp5_n_4_f,451.7930908203125
k3mm,E_2_4_F_2_2_B_2_1_D_2_1_B_1_2_D_1_2_A_2_2_C_2_2_F_1_4__lp3_n_2_f,425.25689697265625
k3mm,E_2_1_F_2_2_B_2_1_D_2_1_B_1_1_D_1_1_A_2_1_C_2_1_F_1_4__lp3_n_1_f,582.2059326171875
syrk,C_1_1_C_2_8_A_1_1_A_2_8__lp5_n_8_f,322.0660095214844
syrk,C_1_2_C_2_1_A_1_2_A_2_1__lp5_n_1_f,759.52978515625
k2mm,tmp_1_2_C_2_1_D_2_1_tmp_2_8_C_1_8__lp6_n_8_f,302.8255615234375
k2mm,tmp_1_1_B_2_1_B_1_2_A_2_2_tmp_2_64__lp3_n_2_f,499.2200927734375
syr2k,C_1_2_C_2_4_A_1_2_B_1_2_A_2_1_B_2_1__lp5_n_1_f,1008.0235595703125
k3mm,E_2_2_F_2_2_B_2_2_D_2_2_B_1_2_D_1_2_A_2_2_C_2_2_F_1_2__lp3_n_2_f,425.29437255859375
bicg,A_1_2_A_2_16_s_1_16__lp2_n_16_f,39.51570129394531
gesummv,A_1_1_tmp_1_1_y_1_4_B_1_1_A_2_8_x_1_8_B_2_8__lp2_n_8_f,301.36614990234375
bicg,A_1_1_A_2_2_s_1_16__lp2_n_16_f,65.5701904296875
k3mm,E_2_2_F_2_2_B_2_2_D_2_2_B_1_8_D_1_8_A_2_8_C_2_8_F_1_4__lp3_n_8_f,305.91119384765625
gesummv,tmp_1_1_y_1_1__lp3_n_16_f,72.586669921875
gesummv,A_1_1_tmp_1_8_y_1_1_B_1_1_A_2_8_x_1_8_B_2_8__lp2_n_8_f,301.2112731933594
k2mm,tmp_1_1_B_2_1_B_1_8_A_2_8_tmp_2_64__lp3_n_8_f,316.994384765625
k3mm,E_2_8_F_2_2_B_2_1_D_2_1_B_1_8_D_1_8_A_2_8_C_2_8_F_1_8__lp3_n_8_f,305.9653015136719
k2mm,tmp_1_1_C_2_1_D_2_1_tmp_2_16_C_1_16__lp6_n_16_f,274.2828674316406
atax,A_1_2_A_2_64_y_1_4__lp4_n_4_f,124.79772186279297
atax,A_1_2_A_2_1_y_1_8__lp4_n_8_f,104.21940612792969
k3mm,E_2_1_F_2_1_B_2_1_D_2_1_B_1_1_D_1_1_A_2_1_C_2_1_F_1_4__lp3_n_1_f,583.57861328125
atax,A_1_1_A_2_64_x_1_1__lp2_n_1_f,576.666259765625
bicg,A_1_1_A_2_4_p_1_8__lp4_n_8_f,296.2381286621094
syr2k,C_1_2_C_2_64_A_1_2_B_1_2_A_2_16_B_2_16__lp5_n_16_f,303.6649475097656
syr2k,C_1_2_C_2_2__lp2_n_8_f,168.01052856445312
k3mm,E_2_2_F_2_1_B_2_1_D_2_1_B_1_2_D_1_2_A_2_2_C_2_2_F_1_2__lp3_n_2_f,426.9482116699219
k3mm,E_2_2_F_2_1_B_2_2_D_2_2_B_1_2_D_1_2_A_2_2_C_2_2_F_1_1__lp3_n_2_f,426.06854248046875
syrk,C_1_2_C_2_4_A_1_1_A_2_2__lp5_n_2_f,513.5303344726562
syrk,C_1_1_C_2_16_A_1_2_A_2_2__lp5_n_2_f,511.7628173828125
bicg,A_1_1_A_2_2_p_1_1__lp4_n_1_f,611.1759033203125
atax,A_1_1_A_2_1_y_1_8__lp4_n_8_f,107.0152816772461
gemm,C_1_1_C_2_1_B_2_2_B_1_16_A_2_16__lp5_n_16_f,288.101806640625
bicg,A_1_1_A_2_4_s_1_2__lp2_n_2_f,328.1812744140625
k3mm,E_2_1_F_2_1_B_2_1_D_2_1_B_1_8_D_1_8_A_2_8_C_2_8_F_1_1__lp3_n_8_f,306.6698303222656
syr2k,C_1_1_C_2_8_A_1_2_B_1_2_A_2_16_B_2_16__lp5_n_16_f,305.9290771484375
atax,A_1_2_A_2_64_x_1_16__lp2_n_16_f,269.1635437011719
bicg,A_1_1_A_2_64_s_1_8__lp2_n_8_f,67.7010269165039
k2mm,tmp_1_2_B_2_2_B_1_2_A_2_2_tmp_2_2__lp3_n_2_f,510.1946716308594
syr2k,C_1_1_C_2_1_A_1_2_B_1_2_A_2_16_B_2_16__lp5_n_16_f,305.2012634277344
k3mm,E_2_1_F_2_1_G_2_1_F_1_2__lp6_n_2_f,399.9825744628906
gesummv,A_1_1_tmp_1_8_y_1_8_B_1_1_A_2_8_x_1_8_B_2_8__lp2_n_8_f,300.9401550292969
syr2k,C_1_2_C_2_1_A_1_1_B_1_1_A_2_1_B_2_1__lp5_n_1_f,1007.7728271484375
bicg,A_1_2_A_2_8_p_1_16__lp4_n_16_f,273.3600158691406
atax,A_1_2_A_2_2_x_1_4__lp2_n_4_f,333.7638854980469
gemm,C_1_2_C_2_4_B_2_2_B_1_1_A_2_1__lp5_n_1_f,758.6869506835938
gemm,C_1_1_C_2_64_B_2_2_B_1_1_A_2_1__lp5_n_1_f,740.5130004882812
k3mm,E_2_1_F_2_2_B_2_2_D_2_2_B_1_4_D_1_4_A_2_4_C_2_4_F_1_1__lp3_n_4_f,346.05877685546875
gemm,C_1_1_C_2_64_B_2_2_B_1_16_A_2_16__lp5_n_16_f,288.1129455566406
syr2k,C_1_2_C_2_1_A_1_1_B_1_1_A_2_2_B_2_2__lp5_n_2_f,642.828369140625
gesummv,A_1_1_tmp_1_2_y_1_2_B_1_1_A_2_2_x_1_2_B_2_2__lp2_n_2_f,414.98046875
atax,A_1_2_A_2_8_y_1_8__lp4_n_8_f,80.89460754394531
syrk,C_1_2_C_2_8_A_1_1_A_2_4__lp5_n_4_f,385.38653564453125
k2mm,tmp_1_4_B_2_4_B_1_1_A_2_1_tmp_2_1__lp3_n_1_f,759.4251098632812
k2mm,tmp_1_4_B_2_4_B_1_2_A_2_2_tmp_2_1__lp3_n_2_f,509.4564514160156
gesummv,A_1_2_tmp_1_8_y_1_8_B_1_2_A_2_1_x_1_1_B_2_1__lp2_n_1_f,583.119140625
gesummv,A_1_1_tmp_1_4_y_1_4_B_1_1_A_2_1_x_1_1_B_2_1__lp2_n_1_f,577.1484375
k3mm,E_2_2_F_2_2_G_2_1_F_1_8__lp6_n_8_f,298.3849182128906
k3mm,E_2_1_F_2_1_B_2_1_D_2_1_B_1_2_D_1_2_A_2_2_C_2_2_F_1_1__lp3_n_2_f,427.53466796875
gesummv,A_1_1_tmp_1_1_y_1_16_B_1_1_A_2_8_x_1_8_B_2_8__lp2_n_8_f,300.9014587402344
atax,A_1_1_A_2_8_y_1_1__lp4_n_1_f,619.9169311523438
syr2k,C_1_2_C_2_2__lp2_n_2_f,355.5159606933594
syr2k,C_1_1_C_2_8_A_1_1_B_1_1_A_2_4_B_2_4__lp5_n_4_f,448.201171875
atax,A_1_1_A_2_8_y_1_8__lp4_n_8_f,87.61100006103516
gesummv,A_1_2_tmp_1_4_y_1_2_B_1_2_A_2_8_x_1_8_B_2_8__lp2_n_8_f,300.7077941894531
gemm,C_1_1_C_2_8_B_2_1_B_1_1_A_2_1__lp5_n_1_f,759.0560302734375
syr2k,C_1_2_C_2_4_A_1_2_B_1_2_A_2_16_B_2_16__lp5_n_16_f,305.9290771484375
k3mm,E_2_2_F_2_1_B_2_2_D_2_2_B_1_4_D_1_4_A_2_4_C_2_4_F_1_8__lp3_n_4_f,345.6800842285156
syr2k,C_1_1_C_2_8__lp2_n_8_f,177.5760955810547
gemm,C_1_2_C_2_8_B_2_1_B_1_4_A_2_4__lp5_n_4_f,382.892822265625
bicg,A_1_2_A_2_1_s_1_1__lp2_n_1_f,630.3700561523438
syr2k,C_1_2_C_2_8_A_1_2_B_1_2_A_2_16_B_2_16__lp5_n_16_f,306.1005859375
gesummv,A_1_2_tmp_1_2_y_1_2_B_1_2_A_2_1_x_1_1_B_2_1__lp2_n_1_f,575.3421020507812
k2mm,tmp_1_4_B_2_4_B_1_8_A_2_8_tmp_2_1__lp3_n_8_f,318.8062744140625
gemm,C_1_2_C_2_4_B_2_2_B_1_8_A_2_8__lp5_n_8_f,319.4102478027344
bicg,A_1_2_A_2_1_s_1_4__lp2_n_4_f,188.81378173828125
k3mm,E_2_1_F_2_2_B_2_1_D_2_1_B_1_2_D_1_2_A_2_2_C_2_2_F_1_4__lp3_n_2_f,425.48211669921875
syr2k,C_1_1_C_2_8_A_1_1_B_1_1_A_2_16_B_2_16__lp5_n_16_f,308.442138671875
syr2k,C_1_1_C_2_1_A_1_2_B_1_2_A_2_8_B_2_8__lp5_n_8_f,352.7557373046875
k3mm,E_2_1_F_2_2_B_2_1_D_2_1_B_1_4_D_1_4_A_2_4_C_2_4_F_1_4__lp3_n_4_f,346.1669616699219
bicg,A_1_2_A_2_64_p_1_1__lp4_n_1_f,540.5501708984375
k2mm,tmp_1_4_C_2_1_D_2_1_tmp_2_8_C_1_8__lp6_n_8_f,302.88360595703125
syrk,C_1_1_C_2_8_A_1_2_A_2_4__lp5_n_4_f,385.82476806640625
atax,A_1_1_A_2_2_x_1_4__lp2_n_4_f,331.3609619140625
k2mm,tmp_1_2_C_2_1_D_2_1_tmp_2_16_C_1_16__lp6_n_16_f,273.7258605957031
atax,A_1_1_A_2_16_y_1_4__lp4_n_4_f,162.06683349609375
atax,A_1_2_A_2_4_y_1_4__lp4_n_4_f,166.13809204101562
gesummv,A_1_1_tmp_1_2_y_1_1_B_1_1_A_2_8_x_1_8_B_2_8__lp2_n_8_f,301.4436340332031
gemm,C_1_1_C_2_4_B_2_2_B_1_1_A_2_1__lp5_n_1_f,760.1636352539062
gemm,C_1_1_C_2_2_B_2_1_B_1_1_A_2_1__lp5_n_1_f,756.1253051757812
gemm,C_1_2_C_2_1_B_2_2_B_1_8_A_2_8__lp5_n_8_f,319.257568359375
k3mm,E_2_1_F_2_2_B_2_1_D_2_1_B_1_8_D_1_8_A_2_8_C_2_8_F_1_2__lp3_n_8_f,306.5630798339844
atax,A_1_1_A_2_1_y_1_16__lp4_n_16_f,66.9978256225586
bicg,A_1_2_A_2_4_p_1_1__lp4_n_1_f,600.4287719726562
syr2k,C_1_1_C_2_64_A_1_2_B_1_2_A_2_1_B_2_1__lp5_n_1_f,989.020263671875
k2mm,tmp_1_4_C_2_2_D_2_2_tmp_2_16_C_1_16__lp6_n_16_f,272.3431396484375
bicg,A_1_2_A_2_16_p_1_2__lp4_n_2_f,410.7948913574219
k3mm,E_2_4_F_2_2_B_2_1_D_2_1_B_1_1_D_1_1_A_2_1_C_2_1_F_1_4__lp3_n_1_f,581.1763916015625
gemm,C_1_1_C_2_16_B_2_2_B_1_16_A_2_16__lp5_n_16_f,289.45709228515625
gesummv,A_1_2_tmp_1_2_y_1_1_B_1_2_A_2_16_x_1_16_B_2_16__lp2_n_16_f,279.759521484375
gesummv,tmp_1_2_y_1_4__lp3_n_4_f,183.76034545898438
syrk,C_1_1_C_2_4__lp2_n_4_f,200.8452911376953
gemm,C_1_2_C_2_16_B_2_2_B_1_2_A_2_2__lp5_n_2_f,505.6820068359375
syrk,C_1_2_C_2_4__lp2_n_4_f,353.36126708984375
gesummv,A_1_2_tmp_1_16_y_1_16_B_1_2_A_2_2_x_1_2_B_2_2__lp2_n_2_f,414.0216064453125
gemm,C_1_1_C_2_2_B_2_1_B_1_16_A_2_16__lp5_n_16_f,289.6275939941406
bicg,A_1_2_A_2_1_s_1_16__lp2_n_16_f,65.5701904296875
syr2k,C_1_2_C_2_64_A_1_2_B_1_2_A_2_4_B_2_4__lp5_n_4_f,432.7533874511719
k3mm,E_2_1_F_2_1_B_2_2_D_2_2_B_1_2_D_1_2_A_2_2_C_2_2_F_1_1__lp3_n_2_f,426.3616638183594
syr2k,C_1_1_C_2_4_A_1_2_B_1_2_A_2_16_B_2_16__lp5_n_16_f,305.51318359375
atax,A_1_1_A_2_64_x_1_2__lp2_n_2_f,404.55548095703125
syr2k,C_1_1_C_2_2_A_1_1_B_1_1_A_2_16_B_2_16__lp5_n_16_f,308.74700927734375
k2mm,tmp_1_1_C_2_2_D_2_2_tmp_2_1_C_1_1__lp6_n_1_f,599.25
bicg,A_1_1_A_2_8_p_1_1__lp4_n_1_f,600.4287719726562
k3mm,E_2_4_F_2_1_B_2_2_D_2_2_B_1_4_D_1_4_A_2_4_C_2_4_F_1_4__lp3_n_4_f,345.7882080078125
